id,name,latitude,longitude,address
1,Piotr Cobb,31.839084,106.763842,20446 American Circle
2,Arlana Zanetello,31.851182,35.200835,26047 Schiller Circle
3,Adair Foxton,12.6400252,10.7048554,7 Tony Park
4,Wilma Dobing,40.6919067,22.1007382,0 Northridge Alley
5,Maurita Crowley,-10.1573402,123.6010244,6971 Everett Avenue
6,Hendrik Dericot,28.39571,107.752611,84 Aberg Drive
7,Melody Giurio,39.932447,116.430976,5154 Eagle Crest Alley
8,Loren Lewinton,47.484145,6.923811,986 Debra Center
9,Shandee Reekie,14.7008738,120.9869405,065 Hagan Pass
10,Borg Barehead,39.04472,65.59082,61 Pankratz Court
11,Brandy Whelpton,50.5878419,13.8083154,709 Daystar Road
12,Lynnelle Esherwood,56.1085807,44.4955531,0 Mallory Plaza
13,Greggory Elcum,55.8220827,45.0303408,62913 Corben Road
14,Bat Luton,48.819324,2.394771,16 Graedel Circle
15,Danit Code,18.6220301,-99.1559935,2673 Mayer Plaza
16,Marge Lowe,61.549558,23.5960975,5 Declaration Park
17,Olivette Scattergood,23.020673,113.751799,3 Sherman Street
18,Margot Shanks,37.8334351,23.802873,21063 Farragut Park
19,Gwenette Eastop,44.439044,125.1797741,48661 Messerschmidt Court
20,Durand Keesman,50.0688235,34.7645338,549 School Way
21,Brigitte Grealy,34.058401,107.319116,2 Transport Lane
22,Selby Yarr,51.55352,118.3446,5 Ridgeway Road
23,Camel Ector,50.4350286,18.0987896,5 Corry Plaza
24,Bambie Fontell,54.9082369,23.879755,337 Dixon Circle
25,Sarajane Heading,-25.9731585,28.2124013,54716 Armistice Place
26,Antonella Chomicz,9.8287393,122.6384628,5 Oxford Street
27,Talya O'Heffernan,51.4805473,14.9541628,3 Utah Alley
28,Wilek Quinney,2.7697259,-60.7126625,17906 Harbort Plaza
29,Alyssa Peplaw,-19.8730077,47.0291162,53130 Huxley Junction
30,Barde Skones,-8.4856411,121.0564425,03 Mosinee Pass
31,Colet Kibard,2.7798518,33.0057261,6964 Katie Circle
32,Reinhold Stapylton,35.302488,117.002933,64 Anzinger Center
33,Karlik Have,40.8151906,111.6954214,1 Laurel Drive
34,Augustus Jedrzej,29.9246825,-90.0163544,04 Merry Terrace
35,Caitlin Treweke,49.757244,22.2174725,03951 Sommers Plaza
36,Jorey Tunniclisse,51.114514,22.3898739,4 Grasskamp Circle
37,Analise Bromell,43.7755615,23.7246154,460 Tennessee Point
38,Shalom Beane,15.488092,114.404754,9 Heath Terrace
39,Rudy Tripett,26.7418451,106.8211843,70 Lerdahl Place
40,Robbi Conahy,33.5810958,71.4303404,46933 Talisman Plaza
41,Niel Boxill,29.684901,106.602255,4 Sugar Terrace
42,Misha Fraczek,34.3400547,108.946087,5 7th Avenue
43,Con Childers,-11.1693755,-61.8991382,63766 Brown Court
44,Maurine Woofinden,22.581293,113.896129,1 Acker Place
45,Celinka Shermore,35.36674,36.39359,29 Brown Hill
46,David Betham,48.455754,-123.3599687,69701 Bay Court
47,Arabel Pietraszek,51.7555981,18.3095531,18 School Terrace
48,Viviyan Maltster,34.34866,106.009915,5063 Moulton Plaza
49,Addy Caswell,-7.1057357,108.7066398,043 Rusk Crossing
50,Oberon Chong,22.2016816,-97.8367954,85 Brickson Park Hill
51,Giulio Baistow,4.4279197,-7.3570576,909 Waxwing Street
52,Kelsey Allabush,43.2038704,44.8434843,21338 Dwight Park
53,Archer Drew-Clifton,-5.3629365,39.6526462,435 Maryland Trail
54,Isabelle Ronchetti,-36.5951114,-61.7625424,20642 Toban Alley
55,Peyton Bracer,-3.6005866,128.1160213,893 Union Junction
56,Arty Stampe,54.8732209,69.1505479,5483 Anthes Trail
57,Stella Bodycombe,62.2030006,23.1762739,03530 Magdeline Road
58,Lombard Sergant,31.192206,117.472253,570 Debra Road
59,Kasper Foat,27.855928,113.173487,3969 Manley Road
60,Elisa Yoakley,48.0762327,-0.7609009,0 Crownhardt Way
61,Justine Riddlesden,43.9777294,21.2572719,4 Tony Pass
62,Ezri Challens,37.970285,-1.1424989,356 Nobel Street
63,Sanson McGilvary,48.6085692,42.8455406,1 Pierstorff Point
64,Edouard Hadwin,-12.8549255,15.5620927,3 Randy Point
65,Shelley Fysh,38.8145081,-9.4043725,56 Lerdahl Point
66,Jennifer Burkill,48.6618569,91.339774,931 Thierer Street
67,Shirlene Gyer,4.4279197,-7.3570576,3 Katie Court
68,Inna Vasilik,47.5,96.2,856 Springs Lane
69,Arlina Malarkey,48.7790663,38.564841,6 New Castle Drive
70,Doy Cumberlidge,62.3946271,17.2842162,81320 Esker Circle
71,Rafi Straw,40.767421,73.3030715,046 Spaight Way
72,Yvon Pervoe,54.10269,-6.64937,0 Declaration Road
73,Hilton Langlais,22.543096,114.057865,6 Golf View Alley
74,Sascha Mulgrew,-7.4242782,109.2396366,09990 Riverside Lane
75,Jeff Raw,8.8340741,3.7587457,5499 Riverside Hill
76,Bo Figiovanni,50.5504728,20.0561066,66 Pepper Wood Alley
77,Marysa Hillan,4.6259611,96.6740303,05413 Hoepker Hill
78,Melosa Espasa,27.236635,108.912375,634 Evergreen Trail
79,Georg Maylor,30.475663,-87.193563,34165 Old Shore Drive
80,Lucille Pavlovic,14.5024732,120.9921722,8 Texas Avenue
81,Lib Cordie,23.11153,109.57224,65 Fremont Center
82,Hazlett Cubbit,18.6220301,-99.1559935,1948 Atwood Park
83,Davina Rainey,23.642114,104.888718,44374 Sunbrook Terrace
84,Mariam Verbruggen,45.3369621,97.9685657,86956 South Way
85,Mariquilla Tebald,43.455312,6.685055,4520 Spaight Pass
86,Marget Antoszewski,59.3777955,17.9613181,12637 Raven Junction
87,Annemarie McSporon,14.5005732,120.9926908,7381 Acker Avenue
88,Gabriellia Darrigoe,-25.2641605,-50.6378804,12081 Becker Hill
89,Mireielle Harfleet,49.794945,17.865273,2985 Stoughton Place
90,Chrysa Purviss,24.3653152,109.5235215,3 Troy Park
91,Kathryne Hugill,2.18873,98.61185,7 Emmet Road
92,Kelley Bate,40.2355256,44.4514419,4312 Goodland Crossing
93,Leslie Feore,-8.3743886,113.6383187,302 Kinsman Center
94,Stefa Pridding,49.7306956,21.5766828,294 Namekagon Drive
95,Tamarra Jerrome,31.6374692,130.4019412,738 Eagle Crest Drive
96,Olav Lorrain,4.4613091,96.5249759,80131 Huxley Junction
97,Bucky Vell,33.011529,114.022298,244 Packers Way
98,Peirce Gilvary,30.319558,-95.4647953,83083 Bultman Hill
99,Adore Lawly,23.69589,113.645048,8979 Morrow Alley
100,Josi Bauser,58.4922889,15.5029738,89939 Canary Drive
101,Nikkie Harriagn,-6.7905128,111.9671537,6 Chinook Point
102,Boycey Dundridge,-32.947692,-60.6743215,9007 Lillian Hill
103,Ulrica Pearsey,19.233277,109.412626,9 Russell Street
104,Olivie Nowill,28.572029,109.482078,5679 Sloan Plaza
105,Lisle Ferrettini,-23.2074329,-46.8337604,033 Bonner Alley
106,Sallie Zanazzi,-6.8432007,107.612654,143 Cherokee Place
107,Alleyn Andresser,37.5769503,26.4820926,8865 Saint Paul Center
108,Rand Towsie,20.9874938,-77.4185584,45588 Caliangt Place
109,Chaddy Fabbro,22.948016,113.366904,37053 Merchant Lane
110,Pasquale Rickhuss,25.600272,115.786056,42 Esch Road
111,Myrlene Critchley,33.6634952,112.6061178,05 Elka Trail
112,Ken Kolczynski,56.1947971,12.5789091,58473 Monica Center
113,Cal Edser,-27.4369394,-51.2213044,903 American Alley
114,Raffaello Di Filippo,27.615202,113.870729,32 Division Road
115,Casi Adamiec,46.4054155,16.4201451,876 Judy Park
116,Vittoria Brittles,70.67472,-52.12639,5 Londonderry Drive
117,Marie-ann Pavel,57.3665832,61.4221758,4406 Derek Lane
118,Elisabeth Logesdale,0.9452075,-77.6534904,98871 Moose Alley
119,Dun Grievson,49.41668,-112.86856,703 Del Sol Trail
120,Hillier Huygens,58.3495477,33.3074607,220 Hovde Drive
121,Sabra Winterbourne,60.1163207,32.3008149,484 Dapin Terrace
122,Adolphe Blandamore,47.598744,85.732951,87 Menomonie Avenue
123,Moises Rodd,32.9985237,-96.84046,9 Hauk Circle
124,Sawyer Vigors,14.5410506,100.6985155,64848 Spaight Hill
125,Jereme Peetermann,50.4897179,20.449178,2 Bartelt Plaza
126,Dianemarie Jezzard,27.190708,109.818685,45406 Pepper Wood Park
127,Marvin Haglington,50.9076315,128.4136847,8464 Fallview Court
128,Terrill Raffles,49.9086926,19.9865104,81 Sherman Road
129,Ondrea Caveney,31.0147222,28.2477778,562 Village Green Place
130,Mozelle Padley,-7.042646,110.894036,6 Eastwood Lane
131,Stefa Hollidge,50.3396453,13.4748408,3 Myrtle Center
132,Meggi Satchel,-19.9661142,-43.1359542,5 Summit Avenue
133,Cecilius Brosch,52.24396,19.6259601,7794 Sunfield Street
134,Angelia Huygen,46.23333,29.83333,37 American Ash Hill
135,Frederic Seally,-6.9140488,107.6050316,96919 John Wall Pass
136,Carma Godsell,-6.9770845,112.4736874,7 Tony Circle
137,Sloan Pozzi,-6.9273494,109.2385498,196 Sutteridge Parkway
138,Hope Thain,19.3851705,-99.1837453,94 Truax Plaza
139,Ber Becken,24.31049,116.116695,13444 Arkansas Court
140,Johannes Burgum,8.296968,30.1531568,7 5th Drive
141,Eugenio Tschirasche,25.221935,102.4976,7896 Mifflin Circle
142,Jeana Goulborne,-25.5281546,-48.5430054,19 Packers Center
143,Sophey Littlepage,22.517585,113.39277,1 Everett Crossing
144,Osbert Breede,53.8996586,-6.391149,362 Rowland Trail
145,Krishnah McGettrick,15.3833332,120.8000031,84903 Di Loreto Terrace
146,Wendall Gwillim,37.87059,112.548879,85 Eastwood Alley
147,Hermy Button,-6.9828037,109.5568089,3342 Lyons Drive
148,Ingemar de Almeida,48.777799,1.9639754,1019 Lukken Place
149,Lurlene Smallbone,-6.9596,113.1965,81 Luster Road
150,Dav Crosby,58.276821,12.3176309,300 Waubesa Park
151,Llewellyn Yurov,39.975999,116.317558,943 Kensington Avenue
152,Theodore Akker,-7.511308,108.6517064,485 Fulton Terrace
153,Jyoti Kinzett,18.4581133,-69.3044885,1491 Mccormick Circle
154,Alla Summerly,30.574474,103.923651,52 Morrow Way
155,Ricki Lambe,30.291711,120.006412,339 Dahle Alley
156,Oby Isles,0.5527836,123.0563144,0492 Moose Plaza
157,Margit Simons,7.453578,-72.467236,5478 Northview Trail
158,Darleen McMurdo,-7.1234674,111.8479156,127 Larry Hill
159,Nesta Stokell,-34.7319466,-58.6368645,3 Gateway Place
160,Lisha Seel,41.340135,-8.1456405,49 Roth Park
161,Harmony Britee,52.969667,122.539307,982 Waxwing Hill
162,Corty Laurisch,-8.1772,123.7975,032 Randy Circle
163,Claudian Gethins,23.759956,116.157387,71 Loftsgordon Place
164,Leticia Chieco,-6.7761721,111.4126837,9001 Fisk Parkway
165,Janeva Schultze,-16.4613315,-49.9588111,858 Amoth Point
166,Nanete Snyder,-6.7654881,106.3011265,7590 Reinke Road
167,Carla Gommey,34.7671945,119.0790302,9 Memorial Trail
168,Alane Harper,50.6627543,17.9265186,6 Little Fleur Way
169,Melodee Kinsell,39.8726158,45.3575191,88141 Service Park
170,Hymie Mogie,65.9360924,23.9406659,6215 Granby Court
171,Janis Kearley,16.15523,43.42102,263 Cordelia Junction
172,Gavra Flay,30.335237,112.239631,295 Calypso Circle
173,Hildagarde Pawlaczyk,56.5496799,84.0751534,61998 Manley Terrace
174,Domingo Keeting,24.874132,118.675675,1674 Saint Paul Street
175,Holly Gloves,50.0055345,20.5122334,6 Old Shore Way
176,Clem Boutell,13.2268,123.6148,01 Cottonwood Lane
177,Ellis Simonett,51.0069155,90.2135806,74649 Myrtle Crossing
178,Konstantine Garroway,22.826877,107.840624,12966 Southridge Lane
179,Raquel Tugwell,35.1133985,48.9757225,38 Lunder Trail
180,Augustina Tonn,29.9193861,73.0747872,6 Arapahoe Junction
181,Loralyn Clemetts,29.476705,121.869339,78 Vahlen Pass
182,Novelia Ort,36.276526,109.351019,9652 Leroy Pass
183,Osmund Giovannelli,-6.58096,106.10632,48 Shoshone Center
184,Sybilla Lambrecht,-7.5690727,110.8312777,58 Schurz Road
185,Cinda Ridesdale,6.2541441,6.2057449,4845 Nancy Road
186,Daisy Tomaszczyk,-6.6572023,106.7057733,535 Alpine Park
187,Ella Pieters,44.4286616,125.1864669,4 Surrey Hill
188,Mayne Barfoot,-14.4974525,-42.2236477,6861 Westerfield Avenue
189,Carena Adams,42.6869167,21.0670387,0820 Rigney Circle
190,Elnore Bramich,47.9544744,-2.0532343,5800 Veith Lane
191,Haskel Gentile,-32.968211,-60.6752261,70601 Judy Parkway
192,Luci Lytell,-31.7790432,-54.6945328,83 Grayhawk Park
193,Pippa Blanch,29.8743418,-95.5485295,5274 Morningstar Junction
194,Codie Bolstridge,12.0166664,123.6833344,410 Reinke Junction
195,Godard Paling,-6.3007596,106.8329412,64 John Wall Park
196,Balduin Wyndham,43.3209022,21.8957589,85780 Gina Plaza
197,Robinet Silliman,-22.7485717,-46.8931368,94 Sugar Terrace
198,Sibylla Melato,48.25115,32.20795,5 Forster Point
199,Randene Stocky,56.450936,23.353057,695 Lien Hill
200,Rosaleen Camous,13.6532561,100.5633676,2302 Corry Plaza
201,Noe Dybell,43.4945737,5.8978018,72227 Dwight Hill
202,Cedric Farriar,53.6190091,-1.2780726,1605 Eagle Crest Circle
203,Octavius Beer,22.6659838,104.262851,09647 Pine View Hill
204,Dougie Ruggs,0.663325,103.4569571,77384 Hovde Center
205,Esta Joisce,38.34185,66.56342,7 Meadow Vale Drive
206,Ernestus Gislebert,49.83258,14.6843228,0 Bonner Trail
207,Gary Lazar,-16.2513167,-47.952747,0842 Farwell Pass
208,Davey Siddeley,-6.7597964,108.5144791,1 Sommers Park
209,Carlos Uzelli,27.048088,119.28827,08848 Prentice Crossing
210,Leora Jarret,55.6677388,12.5352641,5140 Maywood Pass
211,Margaretha Rapelli,55.3700696,39.0644305,623 Holmberg Drive
212,Gail Pilfold,22.529403,103.93935,1 Nelson Drive
213,Dorrie Burgane,-7.3063645,110.1209019,6 Golden Leaf Street
214,Merrill Abram,-6.9834604,112.3367573,7411 Pepper Wood Plaza
215,Cassius Breznovic,2.0772663,100.9241963,5692 Mcbride Avenue
216,Brook McKern,34.02,-118.5,3 Westerfield Center
217,Eydie Bruty,-18.9105687,47.8081645,7766 Arapahoe Alley
218,Gail Immings,-6.4085961,106.7647475,047 Pawling Avenue
219,Meade Garthside,-17.2884329,-70.3643395,0606 Lerdahl Drive
220,Ami Rushsorth,25.600871,115.804049,39 Lotheville Circle
221,Adelheid Stripp,30.202014,103.710302,1691 Reindahl Circle
222,Osmund Yeandel,51.9309719,19.190298,2601 Dixon Point
223,Norine Headingham,23.365556,116.70345,9 Hanson Pass
224,Bay Rubinchik,28.1459758,112.9889132,168 Messerschmidt Alley
225,Joanna Girardeau,23.320477,111.2138,1486 Fairview Circle
226,Jaquenette Code,3.0968502,101.6454408,5 Surrey Center
227,Jorey Lafflin,-23.4543148,-46.5336521,42 Darwin Terrace
228,Felisha McLaverty,42.3521585,44.6875131,98 Loomis Circle
229,Faunie Dargie,48.2576572,6.4140214,8 Rutledge Avenue
230,Virgil Dear,59.397367,16.4816867,2 Hoepker Lane
231,Cull McMillan,37.7977942,139.1253637,450 Barnett Lane
232,Jenni Gaishson,-0.7140022,-80.109357,8 Holy Cross Place
233,Barrie Slane,50.9057712,142.2009927,6 Dayton Crossing
234,Benyamin Jakubovsky,49.7830508,18.5257165,190 Aberg Alley
235,Christopher O'Fihillie,-22.7563906,-41.889042,205 Spenser Street
236,Ebenezer Radclyffe,48.7736083,44.8250459,846 Golf Course Crossing
237,Gina Epgrave,33.9717649,36.6579649,3073 Manufacturers Terrace
238,Granville Minerdo,-6.980092,-35.8934136,14 Morning Lane
239,Ricoriki Chafer,12.5084633,-81.7212616,0 Redwing Point
240,Sibeal Maplethorp,29.654838,91.140552,1 Dexter Crossing
241,Josefa Spence,-6.6769374,107.0244171,9709 Schiller Road
242,Roderic Lavallin,21.104739,-101.670897,645 Aberg Park
243,Rance Parham,13.4760557,-13.8651056,8 Truax Lane
244,Arin MacAlpine,-9.7732,123.8661,59 Daystar Circle
245,Walther Wellstead,55.590397,37.6278499,9570 Porter Junction
246,Nonna Pawlowicz,48.7877067,2.3300777,26 Muir Street
247,Lib Calrow,16.0072833,-61.7159101,524 Montana Terrace
248,Delaney Innocenti,41.4591168,48.8020626,139 Longview Parkway
249,Frieda Sijmons,25.90348,116.070449,2127 Cody Terrace
250,Robinett Verbeek,-7.1081786,107.9399848,03 Ryan Trail
251,Andrew Janway,32.509155,120.127934,40 Pine View Parkway
252,Darci Liley,10.1258199,9.8358611,5186 Vahlen Center
253,Fitzgerald Curtois,-7.974394,112.671469,13539 Dorton Way
254,Morten Cuming,30.777355,113.696298,605 Linden Trail
255,Jacqui Lantuff,-18.998706,-47.058302,586 Lakewood Gardens Park
256,Norrie Fruchon,-8.4500758,118.7278177,39931 Pine View Junction
257,Janelle Worden,51.098127,66.3165471,3 Kedzie Trail
258,Peggie Larrett,45.601784,5.131041,323 Lakeland Court
259,Cully Takos,-25.416667,25.55,702 Summit Court
260,Lola Steeples,23.0029267,105.2545888,4 Bellgrove Junction
261,Blinni Larrad,46.8381863,32.7590462,56 7th Center
262,Eleonore Boumphrey,45.8235836,20.1844504,277 Karstens Lane
263,Shanta Classen,37.070834,114.504677,833 Messerschmidt Street
264,Kelsey Bantham,-10.07722,-76.21194,68086 Monterey Road
265,Audrye Large,30.315892,120.218758,72 Toban Way
266,Theadora Jentzsch,62.4693629,25.8771151,87774 Menomonie Parkway
267,Ilaire Peter,4.616094,-75.635595,36 Del Mar Pass
268,Tisha Medlar,-20.3483832,-41.6385979,43 Bashford Terrace
269,Alia Mauvin,14.0246473,-0.0233208,59 Parkside Avenue
270,Gabi Tomicki,24.1426408,-110.3127531,7546 Arrowood Road
271,Rance Gyorgy,30.726207,67.0720012,69549 Sachtjen Trail
272,Darb Abrahmson,43.4259712,77.0216405,12610 Dovetail Court
273,Giacopo Perry,-25.6177713,-56.2817585,514 Prairie Rose Point
274,Opalina Robion,-10.1155899,124.0919803,8 Pierstorff Lane
275,Aldridge Grundle,34.3193669,8.4074573,3003 Novick Parkway
276,Serene Curphey,49.9106966,16.9101736,4 Victoria Place
277,Norine Copes,-26.6246782,-52.8955875,92203 Loftsgordon Avenue
278,Broderic Christofides,29.654838,91.140552,9409 Red Cloud Park
279,Brew Stuehmeier,50.6417502,21.9038087,16 Bobwhite Pass
280,Dew Farncomb,-25.304882,-49.0555691,117 Beilfuss Avenue
281,Leia Hurley,14.5699334,121.0204582,42156 Tony Circle
282,Shermie Vonderdell,35.1855659,33.3822764,648 Mandrake Street
283,Wilona Bend,-16.8488172,-42.0633003,969 Saint Paul Hill
284,Dav Pyzer,14.740281,-91.2062,66 Gateway Avenue
285,Meredith Dougliss,35.858731,112.389438,4662 Longview Park
286,Guntar Ninnotti,49.0178185,2.2072155,9361 Bultman Road
287,Nicola Jeaycock,38.705449,116.653793,2 Crowley Road
288,Chloe Bunyan,49.8309961,18.3894128,54 Welch Parkway
289,Dorothy McCarle,48.9086571,2.4532855,26693 Hallows Road
290,Eve Sheerman,29.184943,105.055945,25 Prairieview Center
291,Dani Lewnden,27.318852,115.444319,05 American Court
292,Sallyann Hemshall,-7.1918,107.0754,65549 Buhler Plaza
293,Margarete Maxfield,-7.1675,107.989,0334 Knutson Hill
294,Gawen Reidshaw,33.8831154,130.6524512,6 Park Meadow Junction
295,Buck Le Borgne,28.902428,118.57189,33 Fordem Point
296,Isaak Earry,49.8117449,6.2541216,435 Lyons Road
297,Charla Tithecote,48.9779483,2.2646872,4979 Pankratz Road
298,Tracie Jellard,17.2660394,120.4194593,7 Myrtle Court
299,Vassili Willeson,20.9711977,107.0448069,0215 Blackbird Trail
300,Sonnie Figures,19.0748796,105.1726816,2317 Vidon Lane
301,Heddie Michallat,-6.9915372,112.5021593,1 Blaine Center
302,Wilmer Ayrs,24.780966,112.377361,8 Chive Junction
303,Byran Gerold,-6.8618246,106.8606139,1529 Dakota Park
304,Terra Kenzie,14.0767924,121.3439494,51 Merrick Junction
305,Guenna Matissoff,56.6062481,24.5221788,6082 International Court
306,Mikaela Grasha,-6.3636897,107.1100534,7 Algoma Hill
307,Clemence Deschlein,43.3362822,3.2188961,43357 Oakridge Plaza
308,Jamey Carrol,45.51596,83.867628,1 Welch Circle
309,Susette Reightley,27.522069,116.336069,776 Ilene Street
310,Mattias Lipgens,10.1866432,119.232122,20 Gale Trail
311,Drucill Oliver,39.749144,116.143267,15238 Shoshone Way
312,Bryant Bennetto,-0.3372032,103.3702811,5987 Talmadge Parkway
313,Currie Gillhespy,51.114514,22.3898739,1558 Steensland Circle
314,Marna Chin,56.8674893,60.2882554,26 Sundown Way
315,Joshuah Marquand,32.095838,34.952177,3678 Sunbrook Way
316,Hieronymus Waterstone,43.0283952,-85.7564107,246 Debs Park
317,Davey Van den Velden,46.2144039,15.1585599,0 Namekagon Junction
318,Nelle Jutson,27.692542,111.664316,036 Hoepker Trail
319,Seana Scripps,23.788392,114.74638,923 Monument Junction
320,Anabal Leggs,29.474413,110.166477,4 Fallview Terrace
321,Allie Sentinella,45.4002994,29.5961736,07 3rd Junction
322,Guthrey Bodiam,-6.4933318,106.8809319,68872 Esker Way
323,Maye Earley,51.8139074,21.025291,60445 Bellgrove Way
324,Courtnay Briant,-28.6454883,-53.605355,62 Lien Point
325,Cathyleen Boast,31.3085444,30.8039474,130 Utah Hill
326,Angelica Kanzler,40.3459138,23.3097061,95 Eggendart Park
327,Belva Silmon,15.0737251,120.5150706,70 Eastwood Road
328,Gene Bonifazio,40.3802589,50.0918078,748 Hansons Avenue
329,Cora Ramelot,37.520481,115.251124,07073 Moulton Parkway
330,Mic McAllaster,43.32472,141.85861,7183 Farragut Park
331,Alvinia Ivanchin,46.5402775,15.3884817,8248 Pleasure Road
332,Paulette O'Cannovane,39.062982,-76.8391683,289 Green Ridge Junction
333,Dunstan Evershed,8.2596,-11.1914,32447 Stuart Alley
334,Ame Robeson,52.4585616,20.1010662,0322 Katie Court
335,Dale Dring,38.995854,117.688815,99 La Follette Road
336,Aylmer Wheowall,31.363043,72.98757,076 Fulton Park
337,Libbey Mc Caughen,31.2035483,30.5502219,08 Maryland Trail
338,Carlina Basant,49.6484264,29.3163202,03 Warrior Street
339,Lorette Grishakov,-8.5693726,118.6557911,535 Columbus Junction
340,Lonnard Torregiani,48.7663087,2.4119232,7 Burning Wood Plaza
341,Rosalyn Coppen,13.6197501,25.3548713,96 Butternut Center
342,Ewan Hollyland,8.3802672,-71.7844893,306 Schurz Parkway
343,Daphene MacMechan,18.1590139,121.6539966,5 Donald Parkway
344,Rafael Seeborne,37.2284208,21.6360085,98686 Lyons Circle
345,Shaylyn Halegarth,14.326195,-89.4505802,39402 3rd Center
346,Oneida Crighten,10.1884029,-74.916397,92 Texas Avenue
347,Faye O'Cannavan,58.5118215,13.4761783,1935 Dottie Junction
348,Marcellus Machent,-8.2015,114.8899,58 Lakeland Crossing
349,Lauren Ayers,-8.091221,111.9641728,23199 Pine View Lane
350,Nalani Flanigan,-7.8111719,110.3979074,3 Cherokee Pass
351,Fulton Dunnion,45.3081724,33.0351476,5 Eagan Plaza
352,Briant Guerrier,14.3380654,100.8677256,771 Boyd Crossing
353,Kassandra Ricciardelli,44.7488612,19.6907882,6 Summer Ridge Way
354,Martina Jancik,-6.4510633,107.4676861,8185 Carberry Pass
355,Rhianna Habens,10.6135398,-66.8498883,075 Cody Street
356,Sukey Belcham,-7.5888579,108.2674092,46444 Buell Park
357,Dermot Landall,47.6124206,39.7100993,52 Talisman Parkway
358,Stesha Wilcot,15.241178,104.4024704,3730 Almo Alley
359,Mayor Dumpleton,11.0978809,-2.0959429,1 Pankratz Alley
360,Morna Landsbury,13.0748766,123.7526021,8189 Helena Park
361,Kary D'eath,57.4715317,12.7264154,9 Fuller Park
362,Alard Robbie,31.627447,121.022581,190 Golf Course Drive
363,Clemmie Sylett,-27.1799941,25.9586253,9 Petterle Road
364,Rhodie Stevenson,-10.5852663,-75.4053367,083 Dixon Street
365,Electra Rowbottam,33.685735,-5.3677844,3 Hoffman Street
366,Elva Lenard,55.85,37.58333,6 Jackson Drive
367,Darleen Coltan,34.61672,109.248057,1 Hoepker Terrace
368,Germayne Deignan,28.127664,110.90203,63350 Helena Place
369,Janet Warrack,30.7717757,-5.5459787,25 Grover Park
370,Malynda Hartford,58.935714,69.1475573,33038 Knutson Hill
371,Pauletta Aynold,41.0390875,-8.5746201,830 Rowland Parkway
372,Saleem O'Sullivan,39.7434917,-84.0854432,396 Dixon Point
373,Deck Rosie,7.3889508,-80.4215246,32683 Dexter Parkway
374,Rafael Berryman,38.05106,114.463347,4 Scoville Hill
375,Suzy Greensmith,24.89604,118.592147,0439 Tennyson Junction
376,Jorry Silson,16.6500928,121.2238236,5 Village Green Trail
377,Sholom Carwardine,36.0491557,120.2139413,0 Emmet Alley
378,Blondie Choules,58.991981,23.2416861,62758 Norway Maple Pass
379,Shalne Farndon,7.9414261,122.3862362,06 Randy Junction
380,Cindra Bruckent,-6.7128814,106.838158,4 Harper Court
381,Karine Ferrulli,-8.8221596,33.8425243,7861 Dexter Alley
382,Avis Zum Felde,41.821778,124.048453,3264 Merrick Way
383,Onfre Ricciardo,-20.1100712,57.7261042,83 Thierer Trail
384,Adolph Lowres,14.960458,120.755354,4 Gina Center
385,Aura Cordall,11.9647465,43.2884071,5 Vahlen Court
386,Karia Yakolev,46.64635,131.158416,6682 Erie Trail
387,Daryl Affuso,-8.2357,124.9124,24 Troy Pass
388,Odie Beecroft,44.4466286,18.6510559,85519 Moland Plaza
389,Janean Ettels,11.183333,42.933333,0 Everett Crossing
390,Quinta Waiting,40.5594866,-80.2031288,678 Debs Drive
391,Stanfield Schollar,30.779444,120.00922,673 Carey Plaza
392,Stefano Pizzey,27.335916,113.500997,3082 Westerfield Court
393,Marjorie Dignon,30.864884,112.67271,890 Delladonna Point
394,Ola Delaney,-7.5145399,112.7330892,04370 Burning Wood Terrace
395,Regan Lipmann,5.2991829,-72.9696779,16349 Hovde Junction
396,Dame Szepe,48.1181855,38.4585264,6 Dovetail Way
397,Abner Foskin,-7.3350849,111.46038,710 Anderson Plaza
398,Jesse Gladtbach,7.5617699,125.6532848,94 Blaine Lane
399,Lettie Deluca,60.1347052,10.1579266,17 Algoma Avenue
400,Ingeborg McGeoch,33.044814,106.656635,56387 Buell Street
401,Renaldo Earwicker,59.397367,16.4816867,50880 4th Lane
402,Maurise Janda,40.1211828,-88.2434596,11 Roth Park
403,Chastity Waker,53.5380522,17.2364118,5190 Loeprich Crossing
404,Marleah Olensby,22.2016816,-97.8367954,51811 Thierer Junction
405,Chrisse Casari,31.5126804,120.2947416,5 Crownhardt Plaza
406,Steward Crossman,56.975553,60.3645218,3474 Burrows Street
407,Darlleen Dunstall,40.531867,96.543937,8466 Sherman Park
408,Kaye Tunuy,51.9863725,17.7680934,7 Colorado Court
409,Bethanne Castleman,50.5982316,17.3802606,671 Melody Street
410,Alexia Killen,-8.035636,111.9969626,29456 Farmco Way
411,Charo Clericoates,41.57365,120.4493879,982 Park Meadow Court
412,Constanta Crisall,37.5697358,140.4907047,500 Hooker Terrace
413,Jehu Sinclair,41.933917,126.422806,384 Atwood Park
414,Verile Chaundy,35.49846,36.00955,68682 Becker Pass
415,Dianne Tidbold,49.7979942,17.2369478,55233 7th Circle
416,Allistir Cozins,-0.789275,113.921327,53390 Grasskamp Lane
417,Letti McGeaney,47.0834949,51.8784102,47600 Sutteridge Avenue
418,Butch Bennedsen,24.4432479,-104.1175578,03 Graceland Place
419,Rafferty Manicomb,34.8742638,71.1537637,8047 Maryland Center
420,Lynn Kiehnlt,10.6340856,106.947666,1067 Nobel Avenue
421,Marcello Bienvenu,32.890479,115.814504,598 2nd Court
422,Weston Schroder,39.765701,118.412764,555 Morning Pass
423,Elsbeth Askem,-20.0207751,57.6240731,17643 Blue Bill Park Street
424,Perle Malshinger,67.6345569,34.1664186,5314 Anderson Plaza
425,Yetty Yemm,9.1669471,-74.1474846,4 Fremont Center
426,Whitman Glowacz,-0.9002915,119.8779987,770 Northfield Lane
427,Sammie Rastall,35.9136535,47.0266848,5074 Dayton Drive
428,Daveta Prettyjohns,50.515804,115.126221,7 Elmside Park
429,Derrik Pudney,10.4113797,107.136224,9 Waxwing Point
430,Lucie Cozins,-7.035,113.5599,4182 Garrison Crossing
431,Karlens Plank,10.5000062,122.8701588,4 Kensington Way
432,Knox Cusack,-1.2607218,116.1832068,8 2nd Road
433,Faunie Garritley,59.3390242,17.9828338,6 Surrey Center
434,Abigael Bain,59.7959318,30.3954982,7 Hoepker Hill
435,Loralee Leavy,37.73892,115.670177,3755 Sutherland Point
436,Theresina Darcey,45.1934857,5.7218985,5806 Cambridge Plaza
437,Lorenza Badam,-15.61532,-43.59187,1938 Anthes Alley
438,Brittni Penlington,-6.6409658,106.8030892,59 Kenwood Way
439,Lisha Standell,40.708873,-74.0093553,77 Canary Court
440,Anne-marie Cotgrove,49.6819305,18.3673216,91 Jackson Junction
441,Vonny Dormon,44.190357,0.63968,678 Lindbergh Avenue
442,Wendie Coad,38.1056484,127.7080492,9263 Parkside Parkway
443,Rickard Swadlen,48.7823921,2.368326,41 Dayton Terrace
444,Hermie Carbin,49.181214,18.0610035,62 La Follette Point
445,Cassandra Frake,41.0243406,25.6957932,63228 Logan Parkway
446,Kipp Di Angelo,36.759507,110.632006,0594 Logan Center
447,Roldan Grimditch,39.912288,116.365867,3291 John Wall Place
448,Gerda Loveridge,-0.3030988,36.080026,70 Fuller Court
449,Tedi Wonfor,14.3012259,122.4328888,280 Corry Plaza
450,Staffard Pobjoy,25.109249,118.698572,40 Magdeline Park
451,Ferdy Garrod,14.6710601,102.026135,515 Petterle Trail
452,Chandra Colleton,10.334895,123.933309,73977 Steensland Parkway
453,Meir Rickerby,24.9936281,121.3009798,27811 Division Center
454,Raeann Hellewell,30.864884,112.67271,540 Lindbergh Lane
455,Janka Bultitude,38.92,-76.99,96 Pearson Court
456,Hayden Lavrinov,37.7162538,-97.2983363,084 Leroy Court
457,Vida Faustin,14.6701,121.108226,24 Sage Crossing
458,Cymbre Woodyear,29.731101,116.251947,63 Esker Hill
459,Ferdinanda Guise,-8.3251,112.4501,5105 Fieldstone Plaza
460,Dulcie Vinten,20.2573532,0.9910298,91 Welch Pass
461,Clifford Dunbabin,41.9250632,25.5508839,1576 Esker Plaza
462,Rudyard Mulbery,49.8741216,20.0454282,4495 Morning Point
463,Jaquenetta Boulstridge,33.1963963,-8.587212,4 Redwing Alley
464,Heath Crick,42.385811,21.7405988,60 Mcbride Place
465,Dorthea Childes,-8.2331212,115.0406679,13 Hermina Hill
466,Madelin Salvadori,55.5808883,42.0289058,0 Bashford Trail
467,Lynnett Dumbrill,-27.7203552,-48.563999,4 Graedel Trail
468,Eran Houchin,17.686931,103.9608091,127 Hooker Trail
469,Jon Oxterby,25.941937,117.365052,721 Pennsylvania Crossing
470,Taddeo Wimp,34.9406968,127.6958882,782 Fuller Terrace
471,Abbie Grice,48.4811908,31.5431206,87105 Arkansas Center
472,Humbert Brodbin,-38.9548478,-68.1030149,64598 David Plaza
473,Sylvia Tethcote,23.5585593,89.9041371,1327 Nancy Drive
474,Clayborn Ovington,12.0557931,-68.8257889,99054 Derek Trail
475,Waylan Frearson,31.282291,116.196278,9 Veith Center
476,Olympe Broster,50.06739,31.44969,2 Kinsman Crossing
477,Laurena Bunny,60.5854759,22.897837,51356 Talmadge Alley
478,Bonnee Lightwood,40.5463267,22.2682863,08 Twin Pines Center
479,Gris Croix,34.395562,113.740529,1379 Johnson Pass
480,Garland Osburn,31.04808,121.749495,7 Russell Circle
481,Stella Meran,23.2410273,-106.3949498,27448 American Ash Alley
482,Carly Dearth,-5.8248093,-46.1594921,9900 Nelson Place
483,Gardner Phaup,11.7942415,8.8390321,3461 Sunbrook Circle
484,Bennie Kerslake,-9.32897,-78.051987,31236 Sauthoff Hill
485,Devina Bickers,47.0602152,37.3087599,574 Mccormick Parkway
486,Frederik Ducker,42.6995393,24.0846652,91960 Bartillon Road
487,Curran Bramhill,49.989968,22.3314395,83 Stuart Circle
488,Dre Lorkings,41.7806536,47.5943485,276 Dunning Court
489,Stephen Rushmere,11.0849336,39.7291837,8267 Manley Alley
490,Lisette Bridal,-5.9640712,34.1225927,41161 Del Mar Crossing
491,Earvin Heynel,-8.5248669,117.3959673,7 Steensland Hill
492,Sophie Geraldo,35.00394,104.634983,5 Nancy Pass
493,Cherie Brydson,52.5613047,14.8032523,56 Sherman Circle
494,Felice Lockitt,19.482042,-99.1985584,90704 Coleman Point
495,Valera Clell,51.524571,32.5004914,21820 Mariners Cove Court
496,Cristy Sweynson,31.026665,119.910952,79656 Burning Wood Alley
497,Laureen Littlejohn,58.5812006,16.1481061,75 Orin Drive
498,Gaston Leathard,-8.328331,122.9930557,51 Granby Circle
499,Aileen Duffin,-6.227136,106.7963623,511 Merchant Place
500,Claresta Shortcliffe,27.022774,118.304966,7 Delaware Center
501,Stinky Shalcras,-32.485681,-58.269543,29 Colorado Road
502,Roger Kelf,48.9001898,24.8519696,72 Bellgrove Pass
503,Yolande Evins,-22.5284121,-43.7334089,37185 Vernon Street
504,Magdalen Chafer,-5.456385,122.612261,33 Hoard Plaza
505,Hailee Kaines,-9.8998206,-75.9922372,922 Hansons Junction
506,Marcy Cashford,13.0748766,123.7526021,86634 Green Point
507,Uri Olyff,-7.811056,108.438797,382 Pearson Place
508,Crin Plant,19.0511285,105.4536718,24644 Susan Court
509,Allie McEniry,-2.631564,140.470795,2351 Swallow Place
510,Rosemaria Albon,29.805107,106.395612,8 Stuart Circle
511,Andriette Pridding,44.840524,82.353656,26877 Fordem Way
512,Ernest Cubbino,39.68,-75.75,9 Declaration Alley
513,Catharine Leroy,38.320362,114.723904,97 Meadow Valley Court
514,Goldie Janicki,51.7248754,23.0876498,8 Ramsey Parkway
515,Fae Hexam,29.1520649,120.3168231,761 Cottonwood Street
516,Guillaume Durward,-6.8370422,-47.2142417,35 Sundown Lane
517,Reyna Benedyktowicz,-11.7602273,27.2499749,8173 Morningstar Terrace
518,Brian Chisman,13.2012186,100.9380801,79 Golden Leaf Street
519,Gregoor McGreil,14.6698,-90.357,03916 Heath Lane
520,Tiertza Janota,13.4211757,8.4760154,3 American Point
521,Neala Leamy,61.7927812,24.5525054,81 Texas Center
522,Olva Greensides,45.6110839,19.5361203,1254 Paget Terrace
523,Mace Ewbank,57.3921266,63.7602594,75 Graedel Crossing
524,Madeleine Jowett,35.6238725,45.9491482,80 Walton Parkway
525,Fulton De Cruz,46.0531262,13.613736,89 Lakeland Parkway
526,Enrico Libreros,9.8318931,123.4675853,4795 5th Park
527,Mariel Hamlet,29.046337,93.074702,22 Beilfuss Street
528,Gilberta Racine,-7.0186412,107.8361732,14267 Milwaukee Trail
529,Romola Wynrahame,44.1509604,15.5846313,2086 Steensland Crossing
530,Sadie Cottis,-3.4097,119.3077,1 Clarendon Street
531,John Tremelling,60.6815788,17.1350993,61476 Loomis Alley
532,Vinny Coombe,-34.5612986,-58.5878676,02218 Carberry Street
533,Alistair Dreini,41.9854144,44.108411,84279 Sunbrook Crossing
534,Shepherd Gready,2.7239834,101.9476452,780 Florence Plaza
535,Pru Legan,46.5993244,-1.1457859,36 Grover Terrace
536,Ronny Cess,12.2651512,-85.0778886,40188 Katie Trail
537,Florry Diament,42.9239012,17.113007,86466 Melby Drive
538,Rivi Benettelli,-7.7798092,110.3562018,8 Almo Park
539,Friederike Hurtado,45.9536011,14.8386368,777 Bayside Center
540,Aura Swyre,48.737247,39.2311974,46846 Clemons Street
541,Gerry Casellas,59.3412977,18.0347134,26322 Dryden Avenue
542,Aidan Varnham,33.0659847,131.9105028,769 Veith Way
543,Nerti Cocci,59.6839645,16.6111868,6235 Everett Court
544,Janette Rowley,14.8004428,-89.551878,2703 Express Pass
545,Maribel Rothman,-1.259553,104.100502,11 Raven Lane
546,Dorian Drinkale,13.9641503,121.655933,29 Vermont Drive
547,Danita Orrow,-7.2693645,107.0037509,9 Toban Crossing
548,Tobin Extal,3.0646746,97.3290405,8377 Rockefeller Crossing
549,Gardener Winsborrow,35.4674683,-97.4996835,7 Heath Court
550,Melantha Winch,32.8568937,36.6255869,86912 Stuart Plaza
551,Angelika Napoleone,59.8435756,10.8173713,0844 Blue Bill Park Trail
552,Nicki Duffet,46.4144282,37.9579616,021 Kingsford Point
553,Minny Mattocks,10.752961,122.49448,3613 Southridge Park
554,Clarie Hatzar,-12.1584708,44.4364706,243 Eliot Park
555,Ivan Gladeche,-8.50246,119.03867,385 Cascade Alley
556,Dorisa Giller,-13.54918,-71.893158,83 Dovetail Road
557,Shamus Berardt,10.9808313,-4.9091329,1 Clove Way
558,Jobye Roke,40.4369802,-7.9617993,304 Petterle Way
559,Dare Messruther,33.6571965,135.9491482,3 Spohn Park
560,Marilin Oxborrow,28.704586,113.584985,248 Sherman Drive
561,Sollie Sinncock,31.336174,109.898233,69 Grayhawk Point
562,Constantia Smeeth,32.75,-83.66,7 Texas Drive
563,Roseanne Dovey,37.948461,77.248479,94565 Mifflin Hill
564,Micheline Kellegher,18.1096868,-95.8803869,21817 Westend Street
565,Brinna de Clercq,24.1092009,117.1199596,6574 Northview Trail
566,Lawton Cowderoy,-4.1948081,-40.4760325,00 Parkside Road
567,Daphne Tadlow,50.496272,32.7188892,616 Harper Avenue
568,Patty Wedmore.,27.569678,116.63704,5 Grim Plaza
569,Rosita Mill,9.5188754,-7.5572231,565 Sherman Plaza
570,Eva Andrzejak,35.1274285,-80.8599193,66 Utah Circle
571,Berti McGairl,-19.6633028,22.1936928,618 Goodland Court
572,Pearline Breward,-7.4066528,108.7719766,80 Hansons Trail
573,Donaugh Moorman,36.09,-79.83,2985 South Plaza
574,Gerti O'Siaghail,31.0978583,77.2678137,2962 Mcguire Center
575,Noak Jarman,49.84727,6.1062222,37121 Alpine Street
576,Lorain Dafter,36.599744,101.803717,25 John Wall Trail
577,Eberto Wyd,8.417766,126.207415,577 Spenser Drive
578,Lettie Laba,25.505194,108.484536,512 Oak Trail
579,Angus Franchyonok,40.0039328,-8.5808436,4 Dorton Avenue
580,Matthiew Threlkeld,24.804232,98.296657,788 Red Cloud Junction
581,Loreen Brigginshaw,14.0119593,43.8673222,8985 Troy Trail
582,Delmor Gillimgham,23.701262,117.430061,4 Buell Way
583,Reinhard Rennick,40.039342,116.260921,6147 Dryden Crossing
584,Augie Flexman,-21.0651542,-50.1440687,8 Clove Junction
585,Salvidor Whelan,53.607925,10.0852568,34233 Fordem Crossing
586,Jeffy Mongin,50.0920849,29.5436691,48 Toban Junction
587,Harley Palffrey,16.2584167,97.725376,372 Melvin Junction
588,Tamas Hugues,55.6735436,12.5736491,494 Kings Hill
589,Adelind Burkhill,3.2987908,101.7409946,140 Briar Crest Hill
590,Clarinda Kimbling,-7.3000408,108.3682641,1716 Reindahl Junction
591,Hamil Haskew,51.378691,21.3788326,5234 Buell Point
592,Rutter Balderstone,37.8163881,66.0285106,59843 Shopko Junction
593,Mariya Antonijevic,10.1081553,106.4405872,5525 Milwaukee Hill
594,Helyn Northcote,29.652491,91.17211,06500 Fordem Drive
595,Westbrook Aleksashin,39.871981,116.686439,98482 Ridgeview Place
596,Cary Coulter,35.5955313,36.0322459,5 Jana Center
597,Rachael Lynagh,51.6773339,5.0633742,02 Prairie Rose Pass
598,Angelica Brayford,25.261992,114.593792,1479 Stone Corner Center
599,Francisca Thew,-7.0631844,107.7843483,4 Hoepker Point
600,Clarey Galvan,49.333258,6.15176,1502 Kim Alley
601,Garold Kestle,2.9864896,101.5395705,1 Golden Leaf Lane
602,Friedrich Steabler,29.972084,106.27613,53317 Artisan Avenue
603,Reyna Kemsley,47.4098736,32.4412263,0 Merry Plaza
604,Denice Fettiplace,41.9391449,12.532671,7391 Walton Pass
605,Ansel Ronald,21.957353,100.452547,6936 Nevada Court
606,Florencia Dummigan,21.3971282,106.71167,6377 Manitowish Court
607,Ross Hanssmann,-3.4142906,-39.0303806,76961 Brickson Park Avenue
608,Laverne Rosenberger,56.2208485,51.0782323,81 Golf Course Crossing
609,Chandra Devenny,44.335532,85.625121,5 Heffernan Hill
610,Erin Buckleigh,9.5646371,37.0990498,090 Helena Parkway
611,Carmelia Halahan,32.19828,119.47016,2 Forster Parkway
612,Gerek Baines,59.4520561,26.8687946,358 Lotheville Place
613,Annice Garrood,35.4159603,133.2439826,6 Claremont Crossing
614,Filmore Ferronet,59.9050895,10.7673005,3507 Farwell Point
615,Charlotta Santarelli,20.2542725,-76.5430429,85934 Corscot Pass
616,Kendricks Sextone,12.8897363,100.9010416,325 Michigan Parkway
617,Valencia Novic,35.0475045,136.1219714,9 Heath Road
618,Aleta Flanne,3.6130855,96.9182301,5 Dwight Crossing
619,Ozzy Goade,-11.3442564,-75.5655147,46194 South Place
620,Luke Lutwidge,-9.6701,119.0511,20 Del Sol Plaza
621,Fulvia Pree,49.7826756,22.7781773,4 Summit Crossing
622,Florentia Turton,57.7325747,12.0715528,4 Forest Run Terrace
623,Joli Sculpher,48.8333236,2.4923085,0 Colorado Plaza
624,Carlina Poxon,11.7913106,42.8796227,7552 Algoma Lane
625,Nannette Wickey,64.7000006,43.3910351,467 Brown Street
626,Hermine Manntschke,52.7989429,16.7343548,54730 Rutledge Hill
627,Jeffry Mochar,-23.0886496,-47.2089525,1 Banding Crossing
628,Marietta Setford,-6.8272662,111.2874835,56 Huxley Alley
629,Daniele Furmston,40.2545476,22.0742782,678 Barby Hill
630,Sybila McFarland,56.178249,37.902732,0 North Point
631,Kale Dundon,34.7683548,134.8305397,057 Hansons Street
632,Madlen Edwin,52.3048562,15.4108777,0936 Johnson Junction
633,Keven Acosta,28.4630493,-81.460856,66372 Charing Cross Crossing
634,Philippe Edmead,7.1071694,125.6472799,418 Southridge Avenue
635,Marrilee Errington,31.4727877,72.9967658,36746 Oxford Junction
636,Conni Lente,2.0516556,173.2633123,300 Banding Drive
637,Neille Messier,-6.5961314,106.8093807,876 Nancy Drive
638,Imogen Oland,-7.3511436,112.7688416,89469 Memorial Drive
639,Llywellyn Sydenham,40.6285158,-73.9447994,2 Parkside Drive
640,Shanta McKernan,30.031533,101.014425,326 Mcguire Hill
641,Alistair Whaites,31.224028,119.687019,9 Springs Place
642,Nathanil Sivior,51.630114,5.5807167,3 Lunder Way
643,Malvina Welden,39.6053819,-8.4043125,903 Sommers Avenue
644,Saudra Richardson,43.4945737,5.8978018,419 Farwell Way
645,Benedicta Hollindale,-6.588201,106.804564,4356 Thompson Hill
646,Kassandra Dundredge,43.2625974,23.6556259,7 Michigan Place
647,Martica Minnock,50.20027,17.8287,515 Mariners Cove Drive
648,Sharon Deacon,40.4810579,50.1454455,6 Lawn Way
649,Gizela Crosson,56.9396428,37.3590646,13 Claremont Court
650,Beltran Killik,19.4102526,-99.0073673,46377 Northridge Avenue
651,Sarette Lintin,10.333833,123.9266643,0015 Mitchell Junction
652,Rockwell Reschke,30.274084,120.15507,9 Prentice Parkway
653,Kristine Stanmer,18.0842472,-88.5710266,28 Straubel Junction
654,Alexandra Helm,13.7866222,120.9767873,47 8th Circle
655,Dara Bonnavant,37.0510081,21.7155204,70150 Emmet Avenue
656,Cristine Burstow,47.78333,112.11667,2964 Banding Center
657,Eduard Lithgow,3.108333,101.6419959,46656 Leroy Center
658,Viva Dachey,-34.5906948,-58.4794982,65303 Lake View Place
659,Cristine Jeffree,-22.5487399,-47.9100329,0805 Commercial Drive
660,Gil Jannex,-15.3612378,-70.3628516,27 Basil Circle
661,Richard Drinkwater,-6.760856,-79.8310829,9493 Doe Crossing Hill
662,Rafaela Gumey,-7.0777168,114.3489996,8 Ryan Drive
663,Charmain Brandts,25.9567729,88.3831008,44097 Center Center
664,Marlena Witchell,14.7342524,121.0702642,84908 Laurel Plaza
665,Erica Coldbathe,58.4126605,51.2826021,3 Bay Plaza
666,Jeannine McLeish,29.689847,121.28259,4 Lyons Trail
667,Caresse Frend,2.7991084,44.0793911,03101 Moland Center
668,Dinah Crayden,-10.1602312,123.5937933,96 Rusk Center
669,Janie Kilfoyle,37.467686,121.153674,812 Corscot Drive
670,Michal Maasze,27.8469,105.049027,77880 Reindahl Crossing
671,Catharine Wilcocks,-17.7050221,-46.7478493,57314 Loftsgordon Trail
672,Fidelio Sunnex,51.7386378,40.1348656,2755 Green Ridge Pass
673,Daloris Scapelhorn,39.975999,116.317558,80 Florence Plaza
674,Edy O' Cloney,29.334318,117.001279,28693 Bobwhite Center
675,Tynan Barczynski,22.2949889,91.9759204,7 Golf Course Trail
676,Kelli Dauncey,27.9687584,68.6404324,1 Maywood Crossing
677,Gay Ledamun,29.135219,110.4185,79317 Northfield Avenue
678,Di O'Shiels,54.0481202,22.2939742,85 Duke Hill
679,Karon Paolinelli,58.4542358,15.1073919,62790 Waubesa Alley
680,Florentia Leagas,39.042852,117.318781,35 Myrtle Circle
681,Dael Getten,26.694208,115.939083,9 Nobel Pass
682,Kimmie Keeler,51.1879547,6.8173593,56442 Haas Way
683,Edmund Stepney,-22.7428038,-42.7205994,90824 Eastlawn Crossing
684,Missie Stollwerck,15.2784628,-87.5847613,02532 Memorial Circle
685,Paxton Kaliszewski,32.478018,117.167563,4839 Messerschmidt Crossing
686,Chariot Caldroni,-4.2163479,104.4694186,52 Red Cloud Point
687,Lisha Klaaasen,45.0651725,7.6385118,7 Mitchell Point
688,Elisha Swinyard,51.6256317,21.9326303,149 Buell Junction
689,Sauveur Locksley,-51.6415071,-69.2304627,46968 Farmco Road
690,Fanny Harriss,-28.2588438,-53.5009992,92445 Ruskin Avenue
691,Skippy Hitscher,42.546675,129.010106,193 Sutherland Drive
692,Rachelle Kingsbury,42.3416847,69.590101,4159 Westport Plaza
693,Veriee Iacobini,-7.4200315,112.5408991,692 Erie Hill
694,Paulie Shere,-6.633333,-78.8,1857 Brown Avenue
695,Christos Boxhill,13.6602604,-87.5334038,0 Saint Paul Trail
696,Ilyssa Soutter,-34.9044677,-58.5743103,2 Hooker Terrace
697,Federico McDonogh,36.7010563,118.9112031,35 Sundown Circle
698,Raddy Livezley,32.8718172,36.574293,777 Hanover Parkway
699,Jareb Raccio,29.9668343,32.5498069,447 Sullivan Center
700,Tersina Rime,7.13278,124.79889,6 Sheridan Alley
701,Purcell Felten,37.482422,114.693425,613 Starling Center
702,Dulsea Jeannin,28.15041,115.667833,75897 Boyd Parkway
703,Lanae Hailston,32.75,-83.66,95112 Corben Hill
704,Goldia Sneddon,39.309746,115.958784,268 Swallow Place
705,Riobard Tebbit,13.8506865,44.7029603,365 Redwing Hill
706,Aldis Gorse,37.2719952,127.4348221,513 Forster Point
707,Annabal Limerick,-7.3571693,108.1132212,71820 Meadow Valley Lane
708,Klara Brabant,51.114514,22.3898739,87319 Tennyson Point
709,Howard Otter,26.6679155,105.7676313,8291 Ohio Lane
710,Ede Canario,-13.6635336,48.4537424,460 Esker Terrace
711,Nichole Ziemen,43.1497943,141.2852678,593 Crowley Plaza
712,Cleveland Falloon,53.9897476,18.1693424,823 Esch Avenue
713,Elisha Chantillon,42.896821,-79.2620294,8 Superior Road
714,Kennan Rivard,-26.8947924,-48.6550692,7107 Sutteridge Crossing
715,Emelyne Heddy,7.55633,99.61141,8 Summit Circle
716,Lindy Domnick,22.9702067,-82.3858672,40168 Mitchell Place
717,Carolyn Jelleman,31.989637,111.270059,94763 Fremont Parkway
718,Conway Burghall,23.417161,113.893331,296 Orin Trail
719,Godiva Antosch,41.6068468,20.6036698,856 Golf View Alley
720,Wendi Pykerman,23.404165,113.220218,73 Nobel Lane
721,Elfie Trengove,49.0194225,2.4613377,8 Green Ridge Hill
722,Hubie Hillitt,31.899413,102.224653,4701 Sherman Way
723,Carmita Lalevee,38.0765476,-84.5955732,830 Kings Crossing
724,Clifford Bakes,-7.7563468,111.3441212,0 Pierstorff Crossing
725,Kayley Sooper,38.552678,-90.3795438,10989 Monica Court
726,Conny Copland,57.5384659,25.4263618,4 Superior Parkway
727,Walther Farryn,24.44218,114.938684,1718 Westerfield Circle
728,Valentin Toy,37.6410379,-7.6589255,6 Birchwood Pass
729,Ruby Zoephel,41.3088566,-8.6765618,83456 Becker Park
730,Brandon Madeley,-7.5201771,109.2638245,395 Little Fleur Junction
731,Patricio Embling,-6.9917588,111.2785407,33 Hayes Junction
732,Lionel Buer,13.7514954,100.5108479,1 Mcguire Road
733,Loralee Ivanichev,61.5656107,25.1814985,5274 Northview Terrace
734,Konstantine Levin,4.5475154,97.1574784,19793 Oak Alley
735,Ajay Tackes,-6.7523072,106.0346285,19868 Toban Point
736,Morlee Origan,40.81609,140.37539,997 Stone Corner Plaza
737,Filberte Vasilkov,6.1090652,102.133622,3444 Pine View Street
738,Sanders Rankmore,-6.9000441,112.9029014,2722 Northview Pass
739,Morissa Tozer,-20.3253713,-48.310855,109 Johnson Point
740,Valaree Lukianov,61.5003351,21.8474164,19003 Jana Drive
741,Tonya McVrone,29.865988,121.553559,9830 Bartillon Lane
742,Bink Fladgate,51.820919,39.591263,05 Algoma Drive
743,Gleda Lorenzetto,28.39895,113.02064,7304 Browning Center
744,Early Stoile,29.884053,121.494708,89021 Ronald Regan Avenue
745,Gary John,14.4801593,-88.7908717,1 Carioca Hill
746,Ortensia Conrad,13.9311113,121.4233322,7986 Jackson Lane
747,Evin Maylard,36.7949518,-119.7541856,5 Acker Pass
748,Gilbertine Ratnege,49.0702518,23.8543141,6 Warbler Court
749,Patrica Yapp,39.2470722,55.5191857,71 Fairview Point
750,Hans Bromige,43.0429124,1.9038837,80 Crest Line Parkway
751,Vick Tithacott,21.776254,111.221995,8 Charing Cross Pass
752,Catha Toby,27.1259886,61.6713386,3 Schlimgen Circle
753,Kennan Websdale,10.3765284,106.3438891,1 Springs Alley
754,Rochester Proffitt,56.5099223,27.3331357,0733 Ludington Park
755,Yolane Hertwell,29.117096,110.479191,5 Springs Pass
756,Eal Godehard.sf,46.136968,15.3941873,5 Morrow Crossing
757,Caryn Arent,30.917766,113.957037,1 Rieder Way
758,Miner Mcasparan,40.9942545,20.0181673,75110 Packers Court
759,Dedie Spelwood,35.1133985,48.9757225,8 Carberry Park
760,Brnaby Menat,47.015529,-68.1429749,105 Anderson Street
761,Georgine Collicott,43.7441795,2.511999,49570 Main Crossing
762,Mathilda Leere,40.6892276,-8.6031905,8816 American Park
763,Hermon Barfoot,45.8334,-79.38293,5 Raven Road
764,Schuyler Mangenet,-26.4822209,-49.073477,60 New Castle Trail
765,Henry Belhome,32.0544346,73.6856659,1496 Russell Crossing
766,Micheline Novkovic,-12.1230818,-74.6341875,0752 Schurz Court
767,Haleigh Headford,12.3522003,121.0634413,3 Melody Lane
768,Jazmin Anstis,-6.1341119,107.1839024,64498 Eliot Lane
769,Morey Poate,44.7639581,16.6646119,44247 Milwaukee Pass
770,Denis Lukock,20.2281486,-77.2807423,17000 Graedel Road
771,Rolland Olner,55.5292,42.2003001,6188 Susan Crossing
772,Brice Peegrem,61.0180334,14.6053692,7 Paget Park
773,Brion Bryer,25.962888,119.523266,2 Sachtjen Parkway
774,Dewey Francecione,7.0063409,-7.4868283,8848 Morrow Hill
775,Cherrita Gerauld,38.0740965,20.7968395,66 Dawn Crossing
776,Myrna Kerbey,-7.9637383,145.7717353,4 Saint Paul Parkway
777,Sherwin Peres,28.786167,108.176236,82 Independence Hill
778,Carce Fynes,57.6455018,11.9253004,25196 Atwood Street
779,Avril Tingley,-7.2268363,112.7286573,4 Oneill Center
780,Eugenius Dennerly,40.935502,125.341233,2514 Tony Road
781,Rodolph Maciocia,46.689671,126.11386,31848 Mallard Terrace
782,Gonzales Sabbin,56.2340628,37.5182622,200 Paget Hill
783,Alexei Everal,41.565627,120.453743,08213 Orin Trail
784,Way Sukbhans,52.3793432,-114.9182883,4945 Atwood Crossing
785,Lishe Bissatt,14.5042265,120.9969782,484 Twin Pines Parkway
786,Kaela Greenacre,31.77,-106.43,39888 Grayhawk Trail
787,Ali Edmans,53.778695,73.8784471,2211 Gateway Way
788,Ailey Vanes,-8.2919428,123.2254725,93327 Pearson Alley
789,Brandtr Corrao,-8.2717886,123.1119371,295 Sachtjen Junction
790,Doralyn Hurnell,24.804232,98.296657,3 Sutherland Point
791,Janean Seville,-6.2284889,106.9602906,7 Novick Avenue
792,Crawford Broggini,4.4725348,97.9756343,2482 Aberg Crossing
793,Marji McCully,39.109563,117.223371,806 Katie Parkway
794,Malinda Gerding,38.9426594,-9.3964878,688 Fuller Crossing
795,Marianne Rene,34.6520219,135.6373307,52210 Merry Junction
796,Arv Mitchard,-12.1943138,44.3514414,8352 Bultman Crossing
797,Kerstin Dillingham,56.3181237,36.5573127,25 Esker Drive
798,Edwina Freak,14.0031627,0.7556575,0437 Hoard Avenue
799,Vivian Deeks,32.200585,120.549753,939 Veith Junction
800,Chadwick Northcote,23.992676,115.703598,0 Hudson Park
801,Leanor McIlriach,34.4311398,8.7756556,44423 Bayside Alley
802,Hollie D'Angeli,47.7437283,27.9542722,507 Carpenter Alley
803,Elton Legen,30.741991,121.341969,65733 Quincy Hill
804,Vivianna Mustchin,13.7946714,5.2527741,64176 Moose Terrace
805,Gabriel Myhan,13.3807374,109.1068822,21 Dottie Center
806,Dagny Daleman,0.2561666,102.1175404,38578 Susan Center
807,Rebecka Totterdell,43.531892,46.3741404,08764 Anderson Street
808,Serene Raithmill,17.531858,121.148087,46 Towne Junction
809,Stanly Verrechia,-6.3486919,106.0419754,03 Esch Drive
810,Hermie Gahan,34.477861,110.084789,0 Milwaukee Park
811,Lionel Jaskiewicz,47.880287,132.759724,5 Rusk Plaza
812,Kipp Harradine,55.792891,37.671626,964 Arizona Hill
813,Leeland Le Borgne,39.3240601,-77.3485436,24 Sugar Hill
814,Harcourt Blagburn,56.606956,26.7599531,65340 Shasta Lane
815,Lotti Stafford,44.4140877,43.8736157,9 Hudson Court
816,Dennet Pugsley,40.5463267,22.2682863,68055 Corscot Trail
817,Sherwynd Cutridge,47.2550409,-1.5401497,5 Grim Hill
818,Mayor Gilding,45.8206187,-73.9300943,7695 Becker Plaza
819,Sheppard Dispencer,14.700389,121.090098,23823 Kensington Pass
820,Mason Willder,44.8990915,110.1065717,24 Anderson Point
821,Alonso Shillom,-36.8189073,174.5536678,5084 Sugar Road
822,Pandora Ivankov,-20.94333,55.327338,65681 Graceland Street
823,Brooks Minigo,51.5399865,38.3515833,6377 Hollow Ridge Plaza
824,Myrlene Leathwood,44.8532094,20.3555646,1 Myrtle Hill
825,Alfy Lindley,36.9268274,50.6430658,90 Meadow Ridge Junction
826,Vachel Brittoner,24.716803,118.476341,35905 Hoffman Trail
827,Waylen Aslott,-7.6631652,109.6550032,1961 Warbler Circle
828,Ashla Bailles,53.302644,-9.159604,23860 Kedzie Pass
829,Sloane Raecroft,-31.4149049,-64.1467066,644 Northfield Alley
830,Rupert Waddell,-34.7277137,-58.3326356,2002 Hoard Center
831,Julienne Chander,38.3884463,-8.1572713,372 Oak Hill
832,Blaire Derry,51.0720479,16.881153,3 Porter Park
833,Esma Morley,22.99732,113.87497,84 School Plaza
834,Jessie Ferron,-7.0071351,105.5532993,03 Westport Trail
835,Kit Allsworth,19.4614133,-99.1186381,82 Saint Paul Parkway
836,Giff Went,23.254488,116.370159,005 Gale Park
837,Hanson Noore,53.1859207,22.0862303,2 Golf Way
838,Suzann Silverwood,32.38632,35.48084,7996 Waubesa Trail
839,Isa Coldridge,-5.5844754,105.4771084,195 Mayer Drive
840,Brocky Vivers,43.8324929,4.3662321,553 Pierstorff Court
841,Mureil Knevet,48.732568,2.2889821,17 Lerdahl Court
842,Mirabella Avramovic,52.08234,5.1175293,466 Chinook Terrace
843,Abba Hoble,38.34,-85.7,5 Gulseth Pass
844,Krystalle Daily,-30.0722165,-51.0969571,20713 Sommers Hill
845,Clemente Spowart,22.0462137,111.012675,8730 Fair Oaks Parkway
846,Sim Witherden,-8.1392189,112.4455374,03811 Florence Center
847,Keith Blore,-10.8778699,26.5963713,311 Vera Drive
848,Raven Sigward,50.9449228,20.5669483,1530 Old Shore Junction
849,Sandi Asman,-10.6670645,-37.9148742,992 Mallory Street
850,Saree Boldt,-10.1701129,123.6231723,9 Meadow Ridge Trail
851,Tomi Thewles,5.9,6.833333,27 Merrick Way
852,Nestor Radclyffe,-16.2976181,-68.533658,844 Fairview Court
853,Rice Linklet,6.2012073,-1.6912512,1182 Fisk Crossing
854,Barbara Murrock,36.6298186,140.3533448,199 Atwood Road
855,Drake Darton,-6.3414379,106.9831434,6296 Marquette Road
856,Carmelina Klee,10.2593261,123.7567626,8 Lawn Drive
857,Nelson Risebarer,51.883,4.3577,19 Crownhardt Alley
858,Helaine Cains,-18.7643566,-51.3429885,6 2nd Pass
859,Vicki Selliman,41.2615617,-8.1756398,5 Welch Park
860,Bonita Elderton,31.52057,34.97442,3035 Hovde Road
861,Neala Oxtiby,49.736915,20.3174497,523 Grasskamp Trail
862,Georgi Dalla,21.4761084,106.12575,05515 Hudson Hill
863,George Kerfod,59.260523,15.1978279,1 Westport Center
864,Charmain Pech,23.6347,102.826557,954 Springs Park
865,Katina Zold,49.4980908,19.7793013,4 Mifflin Avenue
866,Faythe Huyton,23.35329,112.339444,9 Sutherland Way
867,Andre Britcher,-8.4691756,116.4134873,21323 Hallows Trail
868,Adoree Micheau,55.8437552,38.3176424,47 Melvin Place
869,Klement Seebert,-9.42137,119.89388,10 6th Place
870,Frederigo Flement,0.6183138,-77.9424531,3 Eagle Crest Junction
871,Timmie Hurch,-25.0993621,-50.1584514,1 Judy Point
872,Maurita Elix,7.0402446,134.256193,37 Briar Crest Plaza
873,Clari Snedker,-16.5625267,-41.8402054,04622 Crescent Oaks Road
874,Arel Jzhakov,41.2592586,-8.3332193,713 Cody Parkway
875,Thayne MacKonochie,48.1735351,-89.4810715,5 Lakewood Gardens Junction
876,Lutero Empson,46.7737707,36.8034779,069 Fairview Plaza
877,Heddi Knifton,55.599648,37.2712341,7889 Steensland Avenue
878,Evey Donati,49.8881618,15.5262702,09331 Fair Oaks Trail
879,Pincas Sleicht,-24.0416026,-52.3693218,17 Northview Crossing
880,Meagan Anthoine,29.233038,56.6008972,42 Butterfield Way
881,Cynthia Watmough,23.5711899,119.5793157,0 Fairfield Place
882,Kiley Vanni,24.916988,102.470972,130 Hintze Circle
883,Cristi Ottey,21.5471976,-99.6878432,39152 Bellgrove Trail
884,Tierney Kase,16.0001462,43.1892443,3 Doe Crossing Junction
885,Amie Joinson,50.2616437,15.9613245,307 Texas Alley
886,Amos Ubsdell,36.200252,117.087614,31 Dorton Parkway
887,Emilia Falk,56.346821,30.538999,121 3rd Way
888,Eziechiele Grzelewski,51.88333,116.25,368 Graedel Plaza
889,Johny Kringe,62.3838715,17.2770463,00585 Coolidge Street
890,Ralf Inkster,15.8800584,108.3380469,8 Pleasure Crossing
891,Grannie Essam,35.1001601,137.554138,64762 Maywood Plaza
892,Monica Becke,55.775282,37.61479,15 Oakridge Park
893,Patty Crowest,39.6756105,-8.9783717,7 Kings Place
894,Nickolas O'Lenane,50.3919,30.368267,0629 Melody Park
895,Juana McDonogh,33.8787981,10.850791,930 Ilene Court
896,Kirk Kubis,-6.944036,109.3277605,508 Arapahoe Plaza
897,Marsh Slimmon,53.6785169,-7.2979911,272 Lotheville Lane
898,Rayner Eggar,11.03333,27.73333,27 Sunnyside Lane
899,Cairistiona Hun,22.568415,113.890482,082 Stoughton Pass
900,Thomas Bennison,41.5464241,-8.2915385,0367 International Road
901,Sissie Jennemann,48.6688151,22.7524961,2858 Kenwood Place
902,Abdel Kale,36.2761885,139.5356365,2769 Barnett Crossing
903,Staffard Tegler,18.2807252,-73.3959201,9 Sherman Plaza
904,Loria Folshom,49.8151822,19.3771749,83513 Becker Alley
905,Jonathon Barham,47.8225694,0.3908219,07716 Prairieview Terrace
906,Elise Link,35.8939566,117.9249002,2 Sachs Center
907,Isa Grassett,40.0397682,-75.145782,95 Maple Wood Terrace
908,Walliw Dumberrill,52.05206,85.08765,8171 Hansons Park
909,Eveline Hazard,32.4033247,51.3994672,347 Kenwood Terrace
910,Wye Tilsley,40.774461,120.869231,014 Loftsgordon Court
911,Alasdair Peasee,31.827364,119.9690478,645 Thompson Plaza
912,Uri Hoodspeth,43.4259712,77.0216405,90 Express Alley
913,Kikelia Kording,48.523117,34.613683,360 Kipling Way
914,Rona Lukins,11.9138004,124.7811016,195 Boyd Trail
915,Fidelia Heining,22.6680599,113.2327987,3679 Weeping Birch Parkway
916,Lyndsay Vanshin,43.0429124,1.9038837,5 Miller Park
917,Lief Beare,47.17744,119.943575,49 Bartillon Avenue
918,Archibold Allington,-7.258661,107.7710234,26 Grayhawk Parkway
919,Dynah Szymanski,49.6705225,13.3996389,1818 Talisman Circle
920,Othella Waltho,40.6681669,-73.9800645,00 Warbler Hill
921,Kermit Brimner,35.288456,115.098698,08 Nobel Center
922,Nappie Gabites,26.647661,106.630153,942 Dawn Lane
923,Maxie Pulman,41.6764745,42.7085996,01103 Homewood Court
924,Konstantine Ogger,54.760117,17.5563117,768 Del Sol Alley
925,Siward Sabater,27.569517,110.001922,477 Heath Circle
926,Harriet Deane,57.6480612,14.0685008,2655 Moland Court
927,Wright Spavins,36.2251676,139.3781659,69 Graedel Road
928,Meghan Antoniak,40.458916,-7.8775484,84117 Grayhawk Center
929,Joanna Matzaitis,49.9521852,18.4800457,723 Hovde Park
930,Inger Rodear,39.63549,112.109567,4 Thompson Drive
931,Larissa Maskew,-6.3855073,106.0155278,35522 Sunfield Street
932,Pippy Bierman,56.6342788,36.885813,32907 Monica Way
933,Alick Fawltey,56.136002,111.722923,7 Eagle Crest Lane
934,Kellen Rubinsaft,38.7759506,-9.2661131,965 International Parkway
935,Etti Vallentin,31.2802667,34.2401914,5 Caliangt Alley
936,Cris Grzes,12.1725083,7.7729115,87043 Mitchell Way
937,Paulette Nurdin,38.3691874,141.059301,06210 Old Shore Trail
938,Melessa Mouth,-2.4655425,140.4101474,7 Ruskin Street
939,Waiter Lawfull,30.645019,114.282194,358 Thompson Trail
940,Barbabra Welling,25.6564843,-100.3694401,4207 Spohn Parkway
941,Gert Maude,45.0432878,18.7972,97 Roth Street
942,Cyndi Brothwell,13.2857271,-4.5908196,430 Glacier Hill Terrace
943,Dianna Cloney,6.1898099,-73.57585,886 Banding Center
944,Germain Mays,53.3656498,34.1098425,88193 Logan Parkway
945,Christie Wherrett,54.3749589,60.0069111,2 American Ash Lane
946,Sheba Colliar,63.2664676,18.6285484,318 Lakewood Gardens Parkway
947,Abby Conquer,8.1831476,124.1949463,93763 Blaine Alley
948,Renard O' Connell,23.945891,104.412274,47124 Farragut Court
949,Dalli Whitesel,28.324632,114.108985,2542 Monument Court
950,Gunner Hubner,40.590023,19.6440066,617 Clarendon Crossing
951,Humberto Pill,10.6693395,-61.5325824,59932 Dayton Avenue
952,Merrill Dommersen,26.397624,117.79664,789 Scofield Park
953,Pernell Allsep,49.70521,6.4828237,89983 Merchant Lane
954,Farica Colmer,2.093257,117.457497,0 Farragut Road
955,Doralynne Keam,57.1734042,14.0299287,7782 Oakridge Circle
956,Sherie Smitherham,14.0101094,-60.9874687,47 Cambridge Terrace
957,Bradly Rome,49.8674755,6.2651155,40 Erie Plaza
958,Mahmud Fischer,29.750877,-7.9756343,544 Fairfield Crossing
959,Hayward Kitteman,32.910459,119.85254,74 Butternut Street
960,Cherida Cully,53.1406245,17.1259608,8655 Chinook Trail
961,Adrian Vedyashkin,3.5833333,39.4166667,17 Swallow Lane
962,Quinn Myderscough,-4.083677,123.1983974,83 Manley Way
963,Darlleen Van Der Hoog,1.347685,34.0432575,8564 Tennyson Parkway
964,Erhard Kegley,26.461076,111.592142,3407 Esker Pass
965,Carlyle Eversley,52.746302,14.7015401,3 Esch Crossing
966,Gabie Paik,38.9492606,-9.1068816,13 Starling Circle
967,Emanuel Tindley,22.3140531,-97.8850861,669 Bay Court
968,Barnebas Knowlton,21.7425323,-78.7872876,922 Fuller Way
969,Rheba Greenroyd,41.5106099,-8.5857044,91466 Nova Court
970,Andrea Minot,26.681361,107.768069,57026 Nevada Street
971,Ber April,53.9732574,123.9092222,06 Mayfield Terrace
972,Matteo Shorter,-28.5757953,-70.7571009,785 Vernon Plaza
973,Jasun Wiggington,35.2294606,23.6819128,51919 Talisman Court
974,Sheila-kathryn Helkin,-6.2386948,106.8176984,90399 Burrows Trail
975,Aretha Camber,40.233333,22.3,18 American Ash Trail
976,Lowe Radwell,44.34072,129.4828511,9 Loomis Avenue
977,Nowell Jarrell,52.55694,17.0351289,901 Sauthoff Hill
978,Wallis De Fraine,38.7554084,-9.3408903,7529 Killdeer Drive
979,Gregorio Peggs,49.6285187,94.3896275,8 Monica Hill
980,Darrelle Featherstonhaugh,57.719258,11.9417454,51537 Elgar Drive
981,Kirsti Samson,21.6936233,-78.6313624,16589 Warner Junction
982,Clarie Bonfield,-7.9613539,138.7995122,0 Fallview Trail
983,Alli Wallbrook,35.5599466,140.3605429,456 Clove Park
984,Filide Jerwood,-21.3601809,-48.2282659,9 Knutson Alley
985,Neddie Bayle,15.0319912,-91.7358506,925 Main Crossing
986,Sydelle McMorran,47.59989,-53.26478,8 Bobwhite Lane
987,Maude O'Lyhane,31.1713871,31.6967438,21494 Pond Court
988,Blane Izsak,41.2511521,-8.3148854,368 Coolidge Drive
989,Germaine Longfoot,57.4955715,13.1146225,68 Macpherson Avenue
990,Parke Eliasen,30.859012,113.979421,67647 6th Terrace
991,Anderea Ireland,-6.2688922,107.5442802,9272 Summit Alley
992,Raleigh Robel,-0.6256517,100.1233396,7926 Mallard Drive
993,Ottilie Bowkett,44.0407757,16.1964988,76731 Westport Center
994,Anthiathia Owbrick,13.4522814,101.1815568,37 Stang Plaza
995,Leigh Fowgies,-7.3171858,108.0997955,075 Stuart Place
996,Alia Connop,-7.6374665,112.8880068,9878 3rd Avenue
997,Judon Dabbs,-0.3592489,102.3607061,69 Farragut Center
998,Hayes Skeels,32.700367,67.303116,51842 Fairview Terrace
999,Abby Avrahamoff,49.6629527,18.2269255,4895 North Junction
1000,Ky Ross,36.947175,117.702372,97 Northland Court
