id,name,latitude,longitude,address,destination_lat,destination_lon,destination_address
1,Moishe Yole,32.8094568,-96.889555,5 Artisan Street,22.9627499,90.1838976,2458 Arizona Way
2,Tandy Piaggia,-6.9508,114.0064,7793 1st Lane,39.0860093,-94.6321217,409 Nova Park
3,Evangelia Gull,49.5290136,25.5783873,116 Saint Paul Pass,32.2342478,-111.0033984,6703 Duke Crossing
4,Karin Matei,44.9469715,17.8367375,61 Banding Road,-8.2824,125.0434,441 Forest Dale Plaza
5,Fedora Golledge,-8.3921715,115.2956118,13108 Browning Trail,-6.6063841,106.7617984,517 Manitowish Circle
6,Bobbi Robrose,8.4362867,-69.9959762,341 Elgar Road,52.6958598,41.4284466,898 Florence Point
7,Jeanna Thews,-6.8435796,106.8296372,49 Mosinee Trail,-27.3900758,-55.9207015,86 Sachs Plaza
8,Pascale Collin,1.3350205,34.3976356,4 Loftsgordon Junction,-19.4959312,-41.0713439,48857 Hazelcrest Circle
9,Latisha Colnett,14.4590296,-4.9169196,347 Michigan Drive,-5.8248093,-46.1594921,70 Kennedy Junction
10,Antonia Beardsworth,50.6666667,47.4333333,0483 Fordem Street,41.0529013,-7.2705019,4099 Nancy Pass
11,Trudy Delacourt,30.071108,120.933128,015 Roxbury Pass,30.107387,121.402682,03 Blaine Crossing
12,Electra Naisey,-9.5662977,124.4891278,80 Northridge Parkway,43.2311668,44.6420273,7713 Anthes Road
13,Anthea Rive,-14.2713338,50.1678121,21129 Daystar Junction,2.1514272,11.3317605,951 Boyd Trail
14,Ignacio Nurden,38.8905198,-7.5457633,886 Cordelia Trail,49.7058855,6.3726286,500 Chinook Park
15,Tim Yanyshev,46.1223915,-74.5838514,849 Quincy Circle,23.7322067,-99.1829833,1 Pierstorff Way
16,Vi Trask,40.5053499,-80.04928,265 Bellgrove Road,38.7496144,140.3012172,910 Eastlawn Alley
17,Bette Storkes,22.4537995,112.9340394,5 Moland Drive,-14.2412572,31.3198491,02284 Bartelt Avenue
18,Heinrik Filson,4.6096768,101.1064003,0665 Dwight Avenue,29.131627,89.498216,9906 La Follette Park
19,Donelle Wolstencroft,-18.7643566,-51.3429885,2 School Hill,34.366396,105.567066,800 Stang Trail
20,Emmerich Tabbernor,6.5905816,-73.1526623,5 Main Hill,30.5453374,-9.7089858,83231 Autumn Leaf Avenue
21,Brena Sach,-4.3383128,-41.8402054,30 Clarendon Center,37.429832,110.88907,34442 Basil Way
22,Gwenore Rosenfrucht,46.18869,90.80581,39 Myrtle Lane,42.8414484,21.5766407,874 Bluejay Avenue
23,Dorian Leemans,18.2148129,-63.0574406,399 Garrison Place,53.194641,45.0240889,00019 Pierstorff Junction
24,Dorolice McTeggart,52.3048562,15.4108777,3312 Mesta Drive,-8.5211471,179.1961926,6 Shoshone Terrace
25,Reidar Comrie,-6.3052,105.8971,9 Tennyson Parkway,24.84662,116.746096,26731 Carey Drive
26,Erwin Atkyns,41.2033027,22.5760759,6 Starling Drive,48.8818933,17.2802878,5 Fairview Street
27,Bordie Yakovitch,36.067108,120.382609,66 Ilene Center,46.1417288,15.0844894,83461 Mayfield Pass
28,Mordy Kingscote,12.087083,15.0148322,377 Bultman Terrace,50.2997788,15.865081,9 Prairieview Lane
29,Kaila Gonnelly,45.437603,121.094913,940 Melrose Parkway,-22.2528986,-45.7049987,004 Eagle Crest Junction
30,Barri McAdam,32.8718172,36.574293,63 South Way,56.1138556,13.6083989,21835 Jenna Terrace
31,Markos Sawnwy,-2.982802,119.663002,58 Cherokee Alley,63.2664676,18.6285484,9397 Calypso Road
32,Tadeas Job,39.953041,116.371207,6 Barnett Point,44.5652451,17.5341531,1244 Rutledge Plaza
33,Bradley Maior,43.6121586,3.8626074,728 Utah Circle,47.3591366,2.8002946,5 Mcbride Hill
34,Neda Yelden,19.4392516,-99.1636051,9197 Coleman Lane,35.8521978,114.3530642,31 Kensington Hill
35,Marcile Inchboard,5.255906,-75.1538939,53018 Westend Circle,-6.8447302,108.2427764,672 Vahlen Lane
36,Hayes Wiffield,42.8299079,59.0072317,01346 Artisan Court,15.7946432,120.6073643,24 Independence Drive
37,Ilsa Spring,32.3569577,119.3587638,6341 Magdeline Road,31.026394,103.757315,9401 Oneill Plaza
38,Garold Gilleson,9.3295342,124.6133794,4 Pepper Wood Center,42.4395419,-83.3155257,6074 Warrior Road
39,Baron Sneath,9.0483173,-73.8889499,2 Welch Pass,-7.0029794,108.4572788,865 Carpenter Street
40,Gwendolen Criag,52.3992802,36.5028259,0 Rusk Drive,31.207378,121.4174914,9686 Sunfield Terrace
41,Baxie Roseblade,49.2165148,-122.6562872,5328 Glacier Hill Crossing,60.6302526,28.7309501,83295 Chive Way
42,Yankee Kilty,49.0549661,16.6445006,7164 Golf Course Court,27.69965,108.839557,767 Tennessee Court
43,Merrili Apfelmann,17.5946213,120.6194139,13471 Valley Edge Plaza,43.7616313,-79.5209994,1 Schurz Point
44,Leodora Halworth,49.2621494,17.9966831,6753 Oxford Circle,26.5627867,54.888679,58777 Independence Point
45,Melicent Clarey,43.455312,6.685055,78233 2nd Pass,37.082157,120.99453,92922 Dahle Terrace
46,Meir Butfield,40.6661376,22.9037753,98316 Surrey Circle,37.3011088,26.7437518,01053 Anhalt Drive
47,Henderson Luparto,-7.3055997,108.0940566,044 Vahlen Avenue,42.6995493,24.0846607,8 Kingsford Plaza
48,Elijah Ganders,10.4051594,123.9245693,81 Ridgeview Pass,-8.6926,115.2533,1716 Rieder Circle
49,Kennan Hodcroft,50.1758214,30.1017634,220 Glendale Point,44.61685,-65.76555,407 Eastwood Way
50,Jarrid Keyes,36.498937,117.026653,93298 1st Court,43.2937769,17.0215239,2 Knutson Trail
51,Selena MacCome,33.2391279,130.2750995,6 Ruskin Alley,42.7334485,45.5737459,306 Dexter Pass
52,Johan Merrick,-8.7368981,24.9872821,5 Katie Parkway,21.0694762,107.3139304,679 Vidon Hill
53,Felicity Boatman,41.2115446,-8.1699995,0184 Dryden Point,18.1254083,-77.1470783,4919 Independence Road
54,Hinze Brimfield,18.1096868,-95.8803869,78 Crowley Parkway,49.8338541,36.3240107,48 Roxbury Park
55,Antons McCaster,50.2923198,27.9814782,6 Dovetail Parkway,50.1806728,13.3809361,42 Delaware Terrace
56,Celinda Edmonston,36.4072574,10.6224706,3 David Drive,-14.4296108,-67.5350917,35 Michigan Street
57,Denyse Phant,38.947512,116.97413,77137 Debra Road,-27.3607338,-53.3963199,4293 Heath Terrace
58,Isaak O'Devey,50.8323221,25.4566978,4370 Anderson Center,-7.7013097,113.8882172,03485 Upham Road
59,Retha O'Kelly,0.6877958,122.9775675,6 Haas Lane,56.3289836,116.1168555,8 Fairfield Place
60,Nester Axton,-9.7464338,124.4309165,93 Lake View Plaza,-4.7695926,-40.5112755,7 Rigney Terrace
61,Kirstin Pardew,29.56492,121.52229,38779 Hallows Crossing,14.6425547,121.010151,19956 Burrows Trail
62,Kessiah Caff,35.3170344,70.8744255,5 Monument Parkway,3.9671435,103.40391,4446 Forest Run Alley
63,Abdul Curtiss,45.517207,16.6038706,16780 Monica Lane,40.8338937,22.3879813,59 Grover Plaza
64,Alejandro Hoyt,25.702973,118.368684,957 Reindahl Drive,12.6679167,123.9881642,63 Heath Pass
65,Coralyn Mallinder,36.284107,100.620031,9879 Nancy Avenue,7.5683211,-72.4450467,457 Chive Pass
66,Marlo Beynke,31.753884,118.565462,32 Melby Center,46.3194856,-0.4546217,16196 Hovde Plaza
67,Sonnnie Christin,18.1811952,104.5451903,8890 Valley Edge Parkway,40.7525629,-73.976024,0051 Prairieview Plaza
68,Otto Odgers,38.9951183,139.9228567,99 Arkansas Hill,11.1673823,122.6968025,8479 Rutledge Avenue
69,Thaine Roglieri,22.720595,113.829667,7 Hudson Terrace,45.6739962,4.956609,437 Gateway Place
70,Chris Collete,55.4046005,22.5703273,4 Reindahl Circle,29.2031708,25.5195451,4 Mayer Junction
71,Amandy Rentilll,31.784791,119.320063,26390 Brickson Park Road,35.5445563,128.4922143,6078 Northridge Circle
72,Torrin Pietesch,57.6670364,11.8784699,76535 Farwell Junction,55.3293156,42.0426795,77814 Mayer Point
73,Elyse Vaughten,10.3231036,-3.1679257,26538 Golden Leaf Parkway,-9.1113278,-35.958777,1264 Ridge Oak Circle
74,Maurizio Billinge,13.4686603,-15.2589778,41040 Katie Crossing,-8.1544,122.789,7 Comanche Park
75,Derward Worrill,15.3817945,120.7080369,792 Straubel Alley,23.142017,113.242025,140 Acker Lane
76,Jammal Hightown,55.7963126,37.5116044,10791 Autumn Leaf Road,-7.380316,107.9917034,91 Basil Street
77,Emmy Jeffress,40.0341373,-8.41643,2 Cottonwood Hill,38.632511,140.4875299,2008 Birchwood Hill
78,Flossi Fireman,-9.5899907,118.9907046,4049 Namekagon Court,-6.2278972,106.7045995,05 Claremont Point
79,Aimil Ledson,38.4677243,-28.5112113,326 Lighthouse Bay Way,-2.2027147,115.2778317,95442 Caliangt Park
80,Skylar Ponceford,29.561775,106.568971,7822 Sunnyside Circle,10.6559243,107.2370874,74343 Arrowood Plaza
81,Omero Rabl,28.315217,117.70945,53 Susan Center,29.0755457,-110.9610195,058 Melrose Parkway
82,Reta Roels,33.3457623,130.785523,1843 Graceland Street,-8.7990258,115.2200884,2 Main Parkway
83,Kalinda Fussell,-6.5801079,-76.2609463,645 Darwin Point,50.3633974,25.1107867,61 Westend Park
84,Nicki Hyndman,53.3004898,-6.2634596,7 1st Center,26.9597709,49.5687416,980 Carey Way
85,Roda Spinage,-1.0875428,35.8770642,24526 Heffernan Junction,5.3191534,-4.2564094,12527 Cherokee Plaza
86,Lorelle Doidge,34.8422936,36.7307641,829 Myrtle Center,22.938069,112.987173,1 Amoth Junction
87,Roy Hance,34.0046888,36.2110399,90629 Meadow Vale Circle,52.4630512,-113.7286241,25 Jana Terrace
88,Bondon Eck,23.961903,106.762807,9 David Point,36.628305,101.765843,07 Schlimgen Avenue
89,Laurette Goodbarr,44.9688472,-93.1315648,48725 Sycamore Place,13.06667,123.61667,2 Commercial Trail
90,Brett Hanscombe,-3.0040574,31.9274003,1681 Westend Alley,16.012494,120.2822878,1221 Hauk Crossing
91,Bari Kinlock,60.2267401,20.3244146,32 Stoughton Avenue,25.700731,107.631177,400 Stang Lane
92,Neron Midgely,25.8516667,114.7766667,169 Loftsgordon Street,53.903083,10.7533775,854 Artisan Pass
93,Gayleen Yele,-43.2744697,-65.3109259,1 Pearson Point,-3.5670807,-41.0919197,22249 Pierstorff Circle
94,Ag Langdon,41.81758,22.23529,44 Union Road,14.5659545,121.0065361,97 Fallview Park
95,Winni Ricardon,53.0662784,19.2876039,732 North Road,-7.5173045,110.5933862,3444 La Follette Avenue
96,Forrester Peller,43.915618,113.873272,03643 Cottonwood Avenue,27.951331,92.009188,91 Fuller Street
97,Flinn Wabey,18.0435607,100.1031202,1637 Welch Center,-7.43712,108.36198,0699 Messerschmidt Plaza
98,Harwell Whitehorn,10.74044,-74.755272,65066 Carpenter Park,35.083111,117.15436,71090 Sycamore Avenue
99,Nona Ege,15.9946032,120.7916737,2 Mayer Crossing,45.7544209,17.049649,5 Delaware Avenue
100,Jephthah Daubeny,50.3768235,35.3859026,0 Marcy Plaza,-3.0245897,115.9881867,2 Kinsman Hill
101,Roosevelt Cumming,41.050928,36.861253,96540 Straubel Circle,38.6332265,-9.1624406,3999 Bay Point
102,Herman Blackleech,52.5485032,13.2385645,78 Surrey Court,37.6703123,140.6062909,20578 Kropf Trail
103,Lindsey Crichton,39.100057,-84.3680059,6 Nobel Plaza,22.3908295,113.9725126,8 Spenser Point
104,Ginni Baynard,29.086221,119.571633,038 Anthes Hill,33.4614354,9.0294708,44900 Harper Point
105,Pascale Hodges,39.3096699,-7.4404863,65 Portage Way,23.337683,112.674488,347 Rowland Way
106,Elias Nickoles,35.0346917,137.0871404,55 Bunting Court,39.3041754,-9.1967347,4 Rowland Trail
107,Kaleena Jessard,-6.2900045,106.8672736,58407 Hermina Avenue,49.8545281,18.6057328,0525 John Wall Park
108,Laurie Gadesby,47.4671664,36.9644676,16 Redwing Drive,35.580555,100.761196,7644 Cambridge Drive
109,Albert Bartoszewicz,62.443933,24.9756208,39 Bluejay Lane,21.861787,111.955059,850 Burning Wood Trail
110,Waylan Duxbarry,23.084122,114.382541,499 Summit Park,53.180879,17.0835566,0147 3rd Center
111,Kelsy Danniel,-0.6647007,101.0711758,831 Hansons Street,-6.5823,105.8508,7 Lakewood Pass
112,Antonino Precious,14.233333,44.25,9 Knutson Way,-7.935395,111.8210866,4 Pepper Wood Court
113,Newton Betty,34.718968,110.693663,72434 Graceland Pass,-8.4669233,118.5389414,01 Chive Hill
114,Darnall Jobson,11.011535,122.650377,5 Del Mar Lane,38.6223353,-9.0891772,6 Northport Way
115,Zsa zsa Patkin,10.3057678,105.7468535,3 Havey Junction,36.7904088,138.7920847,35839 Calypso Terrace
116,Reeba Porcher,33.425934,66.5344159,724 Esker Junction,49.689425,21.9126813,319 Acker Lane
117,Felicia Joao,-3.3072032,-39.3621196,805 Sugar Trail,31.238854,121.331694,53466 Ridgeway Alley
118,Lorrie Tidy,42.0948645,-80.1707662,2127 Tennyson Plaza,45.4585439,-74.1406654,5268 Meadow Ridge Terrace
119,Grethel Poe,58.4705978,41.5474702,0 Trailsway Street,-32.4499018,-71.2325958,3 Troy Crossing
120,Kimble McAlester,63.3767052,23.472317,65910 Trailsway Terrace,25.866694,118.932592,519 Scoville Point
121,Lanette Bastable,-12.836985,45.176077,5 Weeping Birch Lane,3.1523104,101.7178316,89558 Dryden Point
122,Amanda Winfrey,42.0040445,21.3760767,158 Parkside Street,39.3072275,-9.2859032,9615 Kenwood Hill
123,Cord Joye,50.6157447,34.9855215,54 Thompson Hill,57.8197659,12.9376332,3676 Kings Court
124,Priscilla Dowears,22.163704,110.671258,3869 Garrison Point,34.4906784,69.2698737,54 Oak Valley Terrace
125,Helli Reddoch,8.583333,39.85,52393 Westend Road,-7.4516994,112.7159574,4 Thompson Crossing
126,Willey Esom,12.5683747,99.9576888,02 Hanson Avenue,22.386514,57.5249708,325 Homewood Plaza
127,Lanni Blabie,36.9522824,26.9807653,42 3rd Hill,-6.8575149,107.6422488,51 Susan Hill
128,Mehetabel Dupoy,36.307064,120.39631,4 Anthes Drive,39.1002506,23.0771373,555 Corben Hill
129,Hart Nias,45.7967858,4.8427596,48667 Bellgrove Court,25.0522614,-78.0430817,20189 Derek Point
130,Andrej Freer,41.6167547,41.6367455,2085 Hanson Crossing,42.284605,125.744735,4167 Bunting Point
131,Naomi Hagger,-9.2957636,-75.997859,4 Dryden Street,-9.6551739,124.2699432,8 Loomis Point
132,Etti Erwin,29.756501,121.507191,88 Summer Ridge Plaza,39.6883601,-8.9606173,2166 Maple Wood Court
133,Vince Hember,39.1935336,-7.2866952,8 Mosinee Avenue,34.0375944,48.4631098,56 Donald Drive
134,Josselyn O'Hickee,-28.1804757,30.1531568,613 La Follette Trail,48.7974097,32.4076765,744 Pond Place
135,Dorothee Biggadike,37.073667,80.188986,2105 Colorado Junction,59.4018083,17.8046531,824 Paget Terrace
136,Dela Krysiak,38.0549562,23.807655,7903 Vera Pass,45.697904,0.964671,1 Manitowish Street
137,Jayson Edelman,51.6113555,19.8982345,37 Westerfield Way,53.7090279,18.1802823,68295 Westport Road
138,Lazare Sahnow,-6.9535762,108.8521777,76961 Towne Junction,28.8395155,52.5638794,19063 Artisan Hill
139,Issy Prestner,37.0897128,138.1339233,403 Blue Bill Park Hill,1.160532,-76.6181655,9984 Brentwood Hill
140,Brittaney Clarkin,43.9705397,19.5649108,33624 Riverside Point,3.3850829,45.5959878,4687 Farmco Alley
141,Nicolai Snarie,11.8132799,107.2370874,368 Jackson Park,43.3362822,3.2188961,71756 3rd Circle
142,Rivi Prodrick,-6.9158,112.5541,460 Northwestern Lane,11.7072355,11.0824912,33617 Mosinee Center
143,Hyatt Eglaise,44.5284238,15.0728705,516 Alpine Pass,34.705306,108.438067,59734 Judy Street
144,Stefa Gilpillan,53.26683,-113.81874,9 Starling Pass,13.2268,123.6148,791 Grover Center
145,Paul Jaggi,-6.8595223,111.4886997,0272 Linden Court,-7.7280457,110.2325862,7114 Londonderry Circle
146,Hannah Grisenthwaite,49.9890993,18.5699721,40 Burrows Point,41.99427,21.574625,24 Carpenter Circle
147,Wilie Petrollo,32.5124846,-116.8557985,94546 Muir Hill,40.7132136,-74.2120629,070 Pankratz Way
148,Josy Brashier,55.6819664,12.58084,3920 Jackson Pass,-20.9096549,-51.3860303,451 Grover Lane
149,Walt Barsby,28.8828809,118.4675515,09670 Monument Point,60.4165735,24.3256379,8135 Division Avenue
150,Deonne Hollow,42.82042,44.68139,8 Clemons Circle,47.211019,89.803615,20602 Declaration Road
151,Saidee Morcom,58.4126605,51.2826021,1384 Cherokee Avenue,-26.9123284,-53.6176937,3 Dayton Junction
152,Brandyn Trenbey,7.44891,-71.304474,7 Dorton Place,40.91889,78.72278,0046 Lukken Court
153,Aylmar Tal,-14.3816618,34.3254842,1537 Service Way,5.5067818,102.9746601,53371 Burrows Place
154,Dawn Medgewick,40.97465,117.943348,51 Waywood Pass,30.916426,118.734651,97 Rowland Street
155,Dorthy Havesides,14.6014909,103.0933171,00 Daystar Pass,-6.9535762,108.8521777,51 Huxley Parkway
156,Stafford Skipworth,27.6644011,85.3187914,21 Forest Center,-17.4956441,-149.8728273,344 Tony Center
157,Morna Sarjant,36.4583521,140.1060931,6 Arapahoe Circle,22.251924,112.794065,5 Farmco Trail
158,Rayna Thombleson,14.18364,122.899983,688 Marquette Drive,-20.811761,-49.3762272,752 Artisan Junction
159,Adriane Toor,-8.3465933,115.5207358,06410 Forest Park,40.5341079,70.9309024,95 Rowland Junction
160,Alfy Saxby,47.4031036,19.0922063,489 David Junction,16.2426241,101.9348069,177 Union Pass
161,Lani Fuidge,8.3500276,80.4484871,555 Homewood Pass,-39.0482569,174.2418241,83 Grim Street
162,Sherill Clayworth,-4.087067,-43.7142484,896 Victoria Avenue,7.9045188,4.3051542,68520 Prairie Rose Terrace
163,Guy Lomond,-7.0795248,109.0869316,6424 Clemons Plaza,3.5144204,11.5077573,0505 3rd Park
164,Barron Vinnick,31.2303904,121.4737021,12 Westridge Lane,-3.2023658,-45.0373171,89780 Melody Alley
165,Ashbey Illing,-23.0939881,-45.6964547,722 Tony Crossing,38.665105,112.032036,87 Scofield Street
166,Jedd Allonby,-21.2335652,-45.2325476,05528 Mariners Cove Court,49.0915297,1.4784611,35 Gale Pass
167,Karola Muckle,-7.3677628,110.1209019,98005 Algoma Junction,32.388854,109.361864,047 Darwin Lane
168,Gearard Klugel,-7.7262888,110.2683286,0829 Declaration Circle,-24.6399084,-53.1426814,5 Clove Trail
169,Shay Seamans,50.98709,14.5696066,5456 Loftsgordon Junction,44.2874089,1.997385,0 Leroy Parkway
170,Haily Moyler,40.1082397,44.0206741,16239 Sloan Center,-7.0309341,107.4035157,3216 Ruskin Terrace
171,Brooks Fradson,54.0254025,39.811744,4 Manley Junction,39.9912749,116.4717334,209 Mallory Avenue
172,Huberto Mullett,7.6115877,126.1255129,5031 Rowland Center,48.2521582,25.1973796,6019 Algoma Lane
173,Harp Laundon,51.2982002,20.2969528,50064 Clarendon Pass,50.483611,13.357778,8574 Mandrake Terrace
174,Gregor Kezourec,0.9219622,124.3088255,5775 North Place,-7.3427222,112.7613933,23120 Mallory Lane
175,Susan Brashaw,43.2370452,23.1251092,80 Sommers Terrace,-8.4480167,114.3103718,68574 Ridge Oak Circle
176,Chalmers Matthews,48.8096645,9.2415192,1774 Maryland Alley,31.2303904,121.4737021,2180 Loftsgordon Park
177,Adela Okeshott,61.337971,40.081276,0 Graedel Plaza,43.1095503,-88.0411993,67887 4th Court
178,Rosemaria Rubenovic,14.5570092,121.0388628,257 Declaration Court,31.209571,107.468023,122 Little Fleur Crossing
179,Norbie Haseley,-34.9044677,-58.5743103,6435 Sunbrook Junction,-27.633736,-55.497642,897 Superior Street
180,Claybourne Icke,48.829733,2.1177361,2 Pankratz Terrace,33.339839,106.08092,0 Mallard Parkway
181,Waneta Mc Queen,11.4592378,104.9447261,6501 Fuller Way,16.563709,121.699742,9 Laurel Junction
182,Jodi Klos,14.5520342,105.1960795,885 Transport Lane,14.5404328,49.127197,2 Moose Alley
183,Erich Adrienne,0.1840524,100.1255164,3 Lien Avenue,39.2303755,26.2174959,8442 Division Alley
184,Kate Asquith,45.9865292,14.3999988,37 Canary Pass,32.97746,35.33345,6555 Montana Center
185,Dominique MacRinn,34.058401,107.319116,6 Butterfield Road,6.4387946,100.1947477,10746 Melvin Plaza
186,Ailina Scarlon,32.2875125,105.5230659,58992 Marquette Crossing,-12.1992451,44.2751395,5 Porter Place
187,Roxanne Gadesby,-3.129696,104.204716,7 Arrowood Hill,31.114694,121.45033,17824 Bashford Parkway
188,Neddy Nisbet,42.103278,-83.1059154,72944 Barnett Trail,10.4373128,121.9944005,68 Bultman Trail
189,Jard Melmoth,-40.6607937,-72.6131562,26 Charing Cross Junction,-8.3465933,115.5207358,2 Amoth Parkway
190,Jeff Sabathier,43.0532801,17.6493431,8 Farmco Crossing,41.7806536,47.5943485,98 Northfield Park
191,Melvin Wasbey,48.23821,23.5457018,44235 Anniversary Road,49.7165109,13.0706469,236 Independence Center
192,Ryon Priddy,31.784791,119.320063,62701 Barby Street,-6.7513288,105.7527221,67 Judy Way
193,Wilow Fleckness,6.8072494,29.6788877,137 Arizona Junction,37.97,-87.5699999,40 Melvin Hill
194,Kendricks Petley,34.0237477,131.9348946,79 Loomis Junction,38.5779674,140.8225484,39 Eliot Junction
195,Aylmar Whittek,32.5746598,-117.0697958,93652 Independence Road,59.3412977,18.0347134,8838 Pleasure Junction
196,Olivie Gabitis,68.34986,-133.72181,8426 Briar Crest Junction,31.415251,121.346638,371 Sherman Point
197,Sasha Daintry,48.9620719,14.4514592,74748 Kennedy Drive,15.3614928,120.530743,3636 Arizona Road
198,Terrye Swanwick,-23.144255,-64.325272,404 Dakota Alley,43.3032794,5.380142,11100 Tennessee Court
199,Britt Organer,41.206302,-73.0862131,78 Old Gate Junction,-11.5576676,-39.2791011,0664 Eagle Crest Terrace
200,Em Coady,41.10388,-7.1677878,26626 Lunder Avenue,44.2484,111.73948,2 Glendale Trail
201,Linus Frazier,40.1851386,44.0033056,4 8th Hill,54.3494655,38.2582586,0 Hansons Way
202,Terry Copnall,14.49052,44.13108,44915 Commercial Court,37.5430686,126.939386,6329 Parkside Center
203,Darleen Capehorn,39.233118,26.2072301,94 Maple Wood Junction,41.2930767,-8.2707264,81 Mayfield Park
204,Aprilette Lagde,10.0016057,123.4091052,0587 Oakridge Crossing,47.5745404,-2.3578005,2 Center Lane
205,Danyette Panter,37.347409,115.965874,70549 Brickson Park Lane,35.00394,104.634983,9586 Redwing Terrace
206,Krisha McKeevers,57.4570045,48.5429875,0 Pennsylvania Street,-8.6931631,-67.952363,776 Transport Alley
207,Horst Ballham,37.489877,117.509921,9 Jay Center,38.58,-121.49,441 Corry Circle
208,Jasun Ambridge,46.975033,31.9945829,7741 Banding Avenue,49.6308644,18.8985165,2 Pennsylvania Way
209,Paule Checketts,47.1910839,18.4095578,409 Nelson Alley,14.2552463,-89.8497574,56 Vermont Park
210,Dyna Mosedall,52.423387,20.9739484,5 Park Meadow Parkway,-28.9427186,-51.5507365,881 Leroy Center
211,Suellen Meak,50.7720302,46.0479668,9 Delaware Place,49.5290848,26.1416979,241 Crest Line Circle
212,Ameline Slewcock,13.8018124,8.98527,23 Tony Way,38.5537924,-9.0817894,76714 Northview Way
213,Curtice Emons,56.37737,37.32871,0 Sutteridge Alley,40.0233496,-7.7912472,63 Elgar Circle
214,Marcelle Slisby,16.0544068,108.2021667,5310 Maple Park,11.8586314,-86.2412543,5 Marquette Point
215,Timothea Sture,26.571674,117.669428,0435 Paget Avenue,51.8321777,85.7788422,2 Kipling Way
216,Roby Klesl,-6.9472168,107.3109745,5440 Daystar Center,23.7247599,108.8076195,33231 Reinke Center
217,Sari Ferrige,15.7924989,120.988562,98 Northridge Junction,4.6333268,9.4450439,04727 Eagle Crest Terrace
218,Ephrayim McGeneay,28.474352,108.462916,351 Little Fleur Circle,30.4333333,117.8333333,56094 Dwight Hill
219,Jared Titterell,43.1298714,45.5357156,224 Village Green Alley,14.6355044,121.016279,1096 Red Cloud Junction
220,Ardenia Alabaster,-18.9732399,-40.7361322,12062 Morning Court,38.396542,114.210844,707 Dexter Plaza
221,Benedict Malenfant,55.2443128,34.3716169,5 Chinook Terrace,-1.9606263,-79.727151,041 Oakridge Alley
222,Nissy Urien,-30.6161448,25.4852012,50089 Cherokee Avenue,34.931466,109.449831,7 Doe Crossing Avenue
223,Brigg Lindeboom,-26.73333,-60.61667,7 Red Cloud Court,-7.2042488,107.905287,1 Mariners Cove Avenue
224,Colene Wakes,-21.9929318,-49.4547036,846 Heffernan Court,35.8941687,-5.2919563,78 Jana Circle
225,Haven Wind,49.9600837,14.3198018,0 Pankratz Road,-21.3699248,-45.5113164,33924 Elgar Street
226,Lind Larratt,47.357916,88.027707,263 Jay Court,38.284947,114.443848,517 Sage Avenue
227,Talyah McGrudder,38.5872939,-9.179952,96 American Alley,8.301719,123.80651,95636 Bluejay Place
228,Katti Rowlin,24.3158024,109.3826264,274 Grayhawk Road,25.587519,112.36902,677 Sachtjen Street
229,Baldwin Sucre,49.7692372,43.6416286,01656 Arrowood Circle,3.7015971,8.9100475,2 Debs Road
230,Even Pinson,61.5597487,22.7786925,038 Ruskin Place,31.801136,92.829095,127 Kedzie Terrace
231,Tibold Surtees,39.909969,116.459299,6070 Texas Alley,-20.0170955,-45.9795138,157 Towne Street
232,Wallie Gilardi,14.8751623,-86.1828047,317 Columbus Crossing,-23.0432476,-47.368765,4759 Sherman Junction
233,Meg Wilby,12.1735243,-14.652952,7287 Hagan Parkway,-9.5606075,124.6026671,217 Caliangt Avenue
234,John Snelgar,14.6333181,-90.6703399,156 Acker Pass,-9.7625469,-36.1328132,3 Northland Junction
235,Loralie Chatfield,6.9956405,122.035862,1 Brickson Park Alley,53.2058,34.6649001,26 Ludington Street
236,Rosco Izkovicz,53.7253057,78.0495272,30 Spenser Place,27.69965,108.839557,6 Meadow Vale Lane
237,Jess Sola,49.5636147,6.0123531,842 Dixon Trail,59.2542117,18.027354,60 Scott Drive
238,Gardener Sharrard,30.6183919,31.4620967,51886 Mcbride Point,-34.6337798,-58.5541599,92 Hazelcrest Junction
239,Leonid Bartomieu,49.476996,0.1639479,7403 Mosinee Place,39.822507,109.963338,198 Toban Lane
240,Charlton Basnett,13.8170825,101.3052635,3 Tennessee Park,14.9415552,-88.3263603,822 Heath Junction
241,Hedwig Gillio,40.4746848,50.3334447,3521 Dapin Avenue,49.8931387,13.3829583,353 2nd Trail
242,Helyn Hellikes,34.4945095,49.6860325,2832 Kingsford Park,40.8148532,-8.4821897,0 Pine View Park
243,Olympe Kirvin,52.0969643,22.0951156,30026 Banding Terrace,27.9983088,113.3287943,70 Schiller Way
244,Elvira Alvares,27.775888,108.114202,949 Towne Crossing,8.016667,-80.45,2 Burning Wood Court
245,Dimitry Ector,43.6865336,43.5192652,52 Duke Crossing,45.548669,126.958098,007 Warbler Drive
246,Jillie Ponsford,22.251924,112.794065,2866 Cascade Way,-10.2183,123.6274,59 Northfield Trail
247,Rickard Llewellyn,39.9791423,117.0643296,95 Granby Road,40.266667,72.1,60 Independence Way
248,Ellary Tynemouth,9.3887516,-67.0613528,66 Clarendon Terrace,40.5885408,23.0279289,6 Oneill Park
249,Joelynn Comellini,59.9344779,30.3842343,9 Northland Point,31.396843,34.365268,84 Lotheville Junction
250,Vin Ambrogiotti,37.8505169,140.6001539,248 Park Meadow Crossing,1.35317,173.04259,0 Helena Drive
251,Payton Duiguid,50.7569215,14.0304111,4 Nelson Way,40.91889,78.72278,82 Dakota Drive
252,Nonnah Furmonger,0.5142775,35.2697802,96908 Haas Crossing,55.1192905,61.6026474,9 Kropf Court
253,Ella Whimp,30.145729,120.589457,89 Ruskin Circle,25.095277,116.100342,07 Hagan Circle
254,Garvy Piatek,44.255137,5.262028,41 John Wall Junction,6.7156982,-3.4801349,06 Bayside Court
255,Ed Tomaszewicz,45.0098,41.1512,58 Ridge Oak Court,35.47,-97.52,3876 Sherman Road
256,Alicea Lutas,-14.72796,-70.52285,25869 Eastlawn Lane,40.9163004,-74.172438,7 Leroy Plaza
257,Nolana Dillinton,40.8103206,19.9199137,93133 Delladonna Circle,44.478341,2.845761,044 Green Ridge Point
258,Christie Gonneau,30.849762,116.359692,7369 Westend Street,-8.4704285,115.1204095,76 Oneill Court
259,Darb Swyne,26.2903765,31.8571172,3 Riverside Alley,45.1749035,5.3067172,424 Sachtjen Parkway
260,Justinn Yerrall,31.363344,120.547358,59 Caliangt Trail,56.0467533,28.1582288,9415 Di Loreto Terrace
261,Bebe Creagh,35.275142,62.3271815,1154 Packers Center,28.888555,120.047651,636 Truax Street
262,Ceil McPhelimy,21.7960343,-79.9808143,2 Sutherland Trail,46.1679323,14.5945759,75 Hooker Street
263,Cynthia Biskup,14.8454589,121.0912149,585 Warrior Circle,56.8682477,40.5854053,11 Alpine Road
264,Tracey Swin,22.691253,114.346251,86913 Dakota Point,36.7844993,126.4503169,1087 Spenser Court
265,Ollie Donisthorpe,-6.4301048,-78.720695,54 Cambridge Center,13.7583256,-87.16535,3528 Golf Course Crossing
266,Theadora Jannings,27.815743,114.416785,3 Cambridge Avenue,48.0684339,7.3273853,4775 Eastlawn Crossing
267,Evvie Pietz,-7.2929068,107.2666396,41 Debs Hill,56.6032687,15.6253276,72 Birchwood Crossing
268,Johnath Plett,-6.3123461,106.4965434,46 Hauk Circle,14.6587588,120.944359,82 Moulton Way
269,Reinold Garralts,12.087083,15.0148322,872 Loeprich Center,48.957695,2.881818,427 Nobel Hill
270,Benedick Chattell,59.5043187,15.0421807,210 Colorado Crossing,14.307125,-90.363048,98830 Merry Drive
271,Farand Piddington,9.258006,123.281809,3 Carey Alley,37.2610694,67.3086236,0 Oak Plaza
272,Putnam Griston,44.3324131,-0.1518541,6654 Mariners Cove Alley,54.2048528,73.5658901,2180 Mandrake Terrace
273,Dominique Clover,19.4458447,-99.1497664,2 Heath Plaza,17.0349138,-61.7853499,6326 Dennis Hill
274,Loralyn Attenbrough,34.915946,98.209206,2642 Havey Terrace,27.657593,114.709713,74 Sachtjen Street
275,Darrel Isgate,38.8833,116.47424,769 Pine View Pass,-23.3711864,-46.7575221,0292 Express Lane
276,Jemmie Collinson,23.3794116,104.2268717,9 Nobel Drive,-8.2053196,114.9279547,428 Pearson Place
277,Madge Gounel,44.0461726,16.8557453,096 Everett Crossing,15.5997074,120.7234624,1533 Brickson Park Street
278,Rachael Rainton,39.877206,115.881215,880 Atwood Lane,43.4146453,22.1271404,1404 Bonner Parkway
279,Curr Dimont,-20.2906811,28.9383082,1301 Bultman Avenue,-19.5803242,-43.9503713,76 Hoffman Terrace
280,Jolynn Fausset,43.817071,125.323544,4 Buena Vista Court,5.9201411,125.6500276,30298 Forster Junction
281,Griswold Kisbey,-0.5256169,100.8790171,61 Meadow Vale Crossing,47.7765978,27.9381723,3 Rutledge Court
282,Allayne Meere,12.252426,109.095697,6 Fisk Drive,44.200789,86.468058,25411 Oxford Circle
283,Uriah Cobbing,-0.385783,101.337097,4 Boyd Hill,-23.960745,-46.3961359,7 Saint Paul Lane
284,Stacy Bernot,19.3579802,-99.0806088,7 Brickson Park Street,13.6119882,99.6118667,7449 Northridge Street
285,Timmie Bowles,39.3096984,-76.6701475,97 Mosinee Way,13.9534752,101.7196704,95310 Arizona Court
286,Morgana Beardsdale,37.9168548,23.7186146,230 Meadow Ridge Plaza,35.1008082,36.1613289,58 Grover Junction
287,Francklyn Dickerline,50.78342,-112.46854,3 Debs Trail,49.7647258,16.9050077,915 Ridgeview Hill
288,Armando Wathan,49.712424,21.0458599,45 Hauk Center,51.8971987,21.6149393,8 Sage Junction
289,Aurelie Dunkerk,34.540852,109.44096,94 Bluestem Terrace,-10.6012,121.7557,321 Homewood Trail
290,Antonino Disbrow,-26.8039789,-48.6489134,41749 Coolidge Plaza,45.9426521,15.1455616,9 Anderson Avenue
291,Priscella Ambrozewicz,39.9041999,116.4073963,634 Portage Plaza,-8.1448805,-79.0517936,430 Meadow Vale Drive
292,Katharyn Caps,39.3641607,-7.7461418,35574 Hauk Drive,32.360409,119.549352,1634 Lake View Crossing
293,Clevie Kid,45.6592536,40.7666934,930 Granby Terrace,59.2264863,18.2509127,66 School Pass
294,Zollie Bampkin,34.2582539,117.1884772,81043 Beilfuss Drive,52.1930413,25.1471719,646 Bartillon Alley
295,Grier Dartnell,35.8914242,14.5320278,8569 Bowman Drive,32.623453,35.316723,88686 Independence Court
296,Phillipp Docwra,46.342574,86.242359,6 Schlimgen Drive,34.393136,115.865746,0862 Emmet Road
297,Rheta Eldon,22.78691,100.977164,5 Waxwing Center,-6.9122509,109.7457739,509 Roxbury Drive
298,Allene Smyley,45.0804254,14.0845863,2 Schlimgen Drive,34.158997,108.906994,41873 Cascade Way
299,Gris McCourt,33.347316,120.16366,66 Susan Drive,44.8238879,40.9170843,83016 Utah Alley
300,Lari Dipple,15.5754812,120.7990105,78 Sachtjen Point,-6.7146375,107.4765594,26299 Vernon Junction
301,Sandye Zuppa,-29.7844393,-55.7980283,407 Becker Lane,58.2031055,40.1130016,55864 Burrows Lane
302,Alisun Yurkevich,27.983279,112.339509,680 Mallard Way,32.060255,118.796877,34464 Old Gate Way
303,Carolan Boughton,50.7480989,20.2540479,39 6th Pass,50.8548419,39.0632827,274 Del Mar Hill
304,Alicia Guilayn,-6.9757129,107.5801033,307 Annamark Point,-7.232837,112.7295639,81 Oak Valley Alley
305,Pearl Chidgey,29.099294,119.692696,5958 Muir Lane,32.509155,120.127934,8 Sugar Hill
306,Dora Headan,3.1638781,99.5339744,2553 Cottonwood Way,27.69965,108.839557,1 Hooker Hill
307,Rawley Tremellan,41.21966,118.799497,0 Mandrake Terrace,10.3827887,-9.3118282,44766 Clyde Gallagher Court
308,Gretna Terren,51.3854243,20.9619096,606 International Plaza,52.2313764,5.9938487,65941 Schurz Pass
309,Nara Tale,-12.1695811,44.40047,16 Becker Place,5.1227373,9.9520961,5468 Welch Pass
310,Chanda Surtees,13.9317086,99.7846002,336 Debs Road,47.949239,126.276226,0746 Old Shore Trail
311,Davidson Stollsteimer,-6.267562,106.6143944,07 Hooker Crossing,69.63186,18.9221,0 Ridgeview Hill
312,Donn Lavelle,29.476705,121.869339,2 Fair Oaks Court,32.168137,115.654481,7 Muir Center
313,Reinhold Stopps,35.9032997,36.733459,2243 Calypso Street,46.1060591,92.5056124,8 Jackson Center
314,Bax Prose,15.228683,104.8577489,8170 Ramsey Place,43.916823,81.324136,40671 Bayside Court
315,Abbie Wight,18.0559583,106.2992912,68 Glacier Hill Circle,0.10144,127.43402,85728 Manitowish Road
316,Dorie Horsburgh,37.4325375,112.0662843,90 Eastlawn Point,42.6448155,22.9615442,04 Darwin Drive
317,Berenice Poles,39.732646,112.040028,90800 Heath Drive,-5.387502,26.9911288,7382 Prairie Rose Road
318,Waverley Lafford,38.0244455,140.0946079,1413 Vahlen Point,-31.7306526,-65.0008956,1 Hanson Street
319,Killie Ghost,-17.308611,-48.278112,63 Sunbrook Place,-7.5831538,108.6353764,2 Almo Trail
320,Estell Clutten,29.756501,121.507191,2 Holy Cross Plaza,56.2341823,-117.2893839,4 Badeau Lane
321,Denny Satchell,59.4015532,18.3427724,6 Summit Trail,2.449478,-75.772917,6272 Barby Avenue
322,Erin Edon,51.829578,18.1397578,8 Logan Circle,33.6435199,42.8253662,822 Butternut Road
323,Garrot O'Corren,-9.0156495,32.9972793,88600 Stuart Drive,23.776981,111.416025,6123 Kinsman Parkway
324,Erena Assard,40.6108358,43.1000425,70237 Garrison Center,-28.8999222,27.8750976,5980 Katie Terrace
325,Ali Heaselgrave,29.208918,119.460526,86496 Nova Crossing,29.985295,122.207215,69 Brickson Park Drive
326,Cathie Brosh,33.9548846,-118.0273914,03395 Atwood Point,29.3781872,121.9194335,6461 Algoma Hill
327,Melvyn Kembery,41.3602921,-8.7192157,41011 Prairieview Trail,-34.4753246,-58.586937,43 Darwin Avenue
328,Audrye Swancock,49.430258,17.8571512,269 Stoughton Drive,48.6277459,2.4381665,5 Butternut Hill
329,Sibella Lante,9.0578504,-72.233418,591 Goodland Junction,22.69569,112.225334,6826 Banding Pass
330,Fabian Alexander,-32.972878,-60.6916164,604 Scott Crossing,-29.9846105,-50.1326727,078 Westend Point
331,Sandro Rallin,-6.3413734,106.5495683,91 Daystar Terrace,48.1214727,11.5322563,9 International Pass
332,Dolores Bexley,-25.50065,30.9136062,0970 Lotheville Drive,10.4145738,8.5721016,232 North Pass
333,Jozef Broderick,6.8793892,-72.189,7762 Starling Street,49.757244,22.2174725,846 1st Terrace
334,Rosana Fennick,4.5778968,13.3500652,84 Red Cloud Center,39.67,-86.19,41 Bobwhite Lane
335,Camellia Harnetty,-7.6772147,109.0185719,226 Meadow Ridge Crossing,-7.3788331,112.8165095,03083 Pearson Lane
336,Shelly Minister,48.4990903,7.3118635,74 Lakewood Lane,-33.5295223,-58.216956,9705 Hoepker Way
337,Hy Belliard,7.138166,7.6697323,4 Susan Lane,43.6652083,23.0759947,85 Roth Center
338,Hobey Hindsberg,12.5450478,-87.1659731,73339 Blaine Trail,-6.9586416,107.6896073,44 Village Green Court
339,Anna-diana Moyle,12.3547531,-4.7782202,0196 Golf View Park,11.6818641,122.360249,0 Hallows Hill
340,Jania Albutt,49.7762204,22.6525426,30 Mallory Lane,44.903044,-93.2332244,6645 Southridge Junction
341,Neda O'Loughnan,40.8103206,19.9199137,7807 Shelley Road,25.84122,116.023145,846 Merrick Circle
342,Marge Ivanonko,20.8,106.999722,1 Gina Trail,33.489877,112.429133,3461 Talisman Pass
343,Jaquith Lepoidevin,-8.5793,121.57227,18308 Jenna Place,50.002337,22.6516099,53 Hansons Trail
344,L;urette Maharey,57.1260445,43.8059949,8 Park Meadow Circle,32.147679,114.091192,69990 Emmet Junction
345,Lesley Stronge,13.3793771,-88.3506468,773 7th Trail,2.100305,101.642899,92 Hagan Terrace
346,Benoit Heilds,31.266133,121.611248,1066 Nevada Circle,29.322952,109.998621,1 Talisman Place
347,Nathaniel Lennon,-32.75,-70.7208115,954 Ridgeview Alley,-7.1008,108.2796,494 Pearson Avenue
348,Carolyne Burgan,36.905485,140.4069331,4872 Riverside Way,43.2916776,-0.3696612,024 Armistice Park
349,Deirdre Soda,-7.3441,108.2158,2 Cody Road,-8.4176445,-37.0585205,54 Mcguire Pass
350,Mil Davidson,31.920658,120.284938,95519 La Follette Park,31.455948,120.879101,0 Linden Way
351,Kermie MacDonogh,9.0144214,-79.5125662,17739 Park Meadow Plaza,8.4286368,124.2876362,75 Monica Court
352,Benedikta Kairns,30.199688,110.674706,5 Marcy Lane,41.3929185,-8.5496995,7 Bunting Junction
353,Tedda Capozzi,19.6938888,-99.2591666,184 Parkside Junction,51.6325636,22.2519345,312 Kinsman Crossing
354,Ode Shee,-8.4114856,116.1713917,46 Lakewood Gardens Trail,39.38316,-8.2407873,33083 Moose Trail
355,Gwenora Venables,47.9195813,106.9211984,0413 Mccormick Center,37.185925,122.255334,26 Northview Court
356,Arv Condict,33.06748,107.023323,50 New Castle Avenue,39.142026,117.212606,33 Milwaukee Junction
357,Cynthie Flaunier,20.8068681,-102.7799627,6422 Chive Way,7.7601925,125.0095225,4906 Pine View Trail
358,Ranna Denidge,55.1604671,49.1738671,8 Harbort Trail,14.68778,120.9760496,32333 Aberg Avenue
359,Greta Krinks,9.8563254,-66.3735841,4 Warbler Avenue,-5.0776795,32.0695406,4326 Northridge Road
360,Tammie Brognot,43.4136328,43.7924407,93668 Mccormick Junction,-6.2523005,106.8473377,6 Dixon Lane
361,Fields Caspell,30.172782,111.0765,789 Heath Park,39.851469,113.463703,6827 Mayer Center
362,Bonny Reddie,-6.3108571,-79.0262568,731 Katie Lane,52.423387,20.9739484,874 Badeau Place
363,Robbie Howett,21.270702,110.359368,2125 Brentwood Point,14.6592829,121.0483527,58799 Fremont Drive
364,Lydon Gilders,29.454189,119.996847,1 David Lane,40.417358,117.500558,667 Del Sol Road
365,Latisha Le febre,51.7941895,14.3056705,75797 Coolidge Trail,31.440961,34.99744,3966 Ohio Alley
366,Oren Garlinge,22.5652759,59.5066376,3 Sunnyside Pass,38.0307786,23.7038541,375 Green Ridge Junction
367,Imojean Domerque,43.5958543,5.1190026,0 Oak Valley Crossing,7.6405168,124.7234856,469 Acker Court
368,Donia Hazeldene,52.7604883,-8.8950821,0968 Rusk Hill,22.265811,113.543784,99 Declaration Place
369,Kelcey Mountain,51.976466,21.215337,9 Garrison Junction,23.961903,106.762807,45131 Carioca Place
370,Kristopher Krzysztof,29.696108,118.315329,04 Hoffman Lane,57.6727414,-2.955445,42235 Lien Drive
371,Daphene Hardware,48.8708001,2.166848,2673 Granby Lane,23.061749,101.045317,3 Bowman Park
372,Oona Franckton,9.0056327,-62.6471664,32148 Northwestern Lane,55.3700696,39.0644305,807 Hanson Circle
373,Mellisent Janata,37.5940751,68.5962593,34158 Emmet Drive,15.60223,44.0242,5 Marquette Hill
374,Steward Snowden,-6.9959695,112.5728232,9387 Colorado Junction,-32.7208452,-60.7283624,906 Talmadge Alley
375,Etti Angus,45.1099574,40.2950699,06456 Sloan Avenue,26.0576497,-80.3101684,2 Farragut Alley
376,Bruce Rodder,60.0071007,15.7887356,8 Manitowish Pass,40.9303746,-8.4777484,4 Hudson Court
377,Cristine Gladding,49.9912948,17.960745,04434 Susan Crossing,25.015105,102.743811,77677 Corry Avenue
378,Saxon Brownlie,41.2666415,-7.1801971,0 Parkside Center,8.4101505,20.6481794,4504 Hintze Street
379,Benjie Habard,38.6259214,-9.0134196,004 Hudson Parkway,38.4361809,57.4287899,1699 Rigney Point
380,Gayle Twinterman,50.4808616,18.7351846,2 Gerald Parkway,44.0088432,39.192149,0 Almo Center
381,Waldemar Cuthbert,-8.6610802,115.2431682,37 Nevada Lane,-11.5459875,43.3885797,52 Corry Street
382,Marcelline Dunkirk,35.1612182,-5.2632201,98 Hollow Ridge Center,18.4691383,-77.5404459,02119 Michigan Drive
383,Kynthia de Voiels,-26.9378218,-58.6599899,03 Wayridge Plaza,33.052654,115.996709,79 Jenifer Lane
384,Teodoro Wandrey,58.261515,12.2964905,8 Northfield Trail,24.094765,116.00509,7 Fisk Road
385,Sarita Trime,49.7762204,22.6525426,30 Mendota Park,10.444021,-75.275171,42529 Clyde Gallagher Parkway
386,Drusi Quogan,61.7267327,75.333769,29 Ruskin Place,54.2282755,39.0206243,30 Graedel Crossing
387,Wilden Ivankin,50.9346454,6.9331365,2 Comanche Way,-13.54918,-71.893158,08 Huxley Pass
388,Rikki Mellonby,-27.4887196,-58.9495941,3094 Bowman Court,35.6046911,-82.4861053,9913 Calypso Park
389,Reena Chessel,39.2682845,-9.312494,2 Meadow Ridge Road,30.679359,104.011664,465 Gulseth Pass
390,Lyndell Le Ball,30.081941,120.495065,31 Orin Pass,34.676976,107.79016,5156 Hayes Hill
391,Pascal Scrivin,-9.5324,119.669,5 Derek Crossing,59.2264806,9.5943509,1233 Tennyson Avenue
392,Allissa Rudolph,53.63918,15.62129,43313 Eliot Junction,47.752551,27.9413338,1 Dapin Drive
393,Jarrett Lorkins,-8.1658601,111.7763713,3970 Prairieview Point,50.9524702,20.4081061,95 Bonner Road
394,Hall Pawelek,49.873937,19.8512299,992 Sugar Hill,14.5019116,-90.9550367,78 Mayer Junction
395,Ado Linch,31.126412,119.179656,441 Hagan Drive,45.7788583,15.8518566,3 Ohio Plaza
396,Karna Seamer,2.9329721,101.6259842,639 Sullivan Pass,-8.1462,115.0596,710 Sloan Way
397,Mela Hindshaw,45.1908533,-93.3007481,79 Elgar Court,42.546675,129.010106,89511 Old Shore Street
398,Yolanthe Mc Curlye,7.068209,171.281541,217 Vahlen Trail,6.9421349,1.6736397,37 Hermina Avenue
399,Jay Aronsohn,41.815997,41.7838101,6061 Almo Drive,-8.7393,121.3054,94069 Lerdahl Trail
400,Kristofer Helkin,14.7596318,121.0589081,834 Corscot Point,13.4570619,123.6791749,0 Westend Center
401,Lanie O'Spellissey,46.3368774,48.2017123,17273 Fairfield Road,22.2799907,114.1587983,355 Carberry Circle
402,Ailyn Pedder,-36.8537995,174.7573811,249 Barby Terrace,14.3839328,121.050126,42 Goodland Park
403,Dorey Cheal,31.311376,120.627532,5266 Mifflin Avenue,12.3714277,-1.5196603,8 American Ash Circle
404,Hillier Grelik,-14.6737265,-39.465738,8 Vera Lane,3.0782922,101.5931076,9143 Melody Court
405,Kassi Ovell,17.7409147,-91.7660525,54422 Hovde Point,39.9041999,116.4073963,67 La Follette Way
406,Baldwin Gleeson,53.2853393,18.9435626,2616 Pond Parkway,53.0852774,82.3454181,9 Dunning Terrace
407,Ruy Tschursch,31.2823103,121.5045889,9639 Nobel Center,-7.1665502,111.9969626,41 Northfield Alley
408,Braden Brower,32.137793,34.840278,345 American Hill,42.8045028,-1.6432837,701 Esch Trail
409,Ellary Shaddock,34.9922836,34.0140113,4949 Scofield Street,-9.5252,119.5923,5 2nd Trail
410,Kiri Dearing,-25.1720132,46.0897124,61752 Sundown Crossing,10.1867919,4.7225793,04 Garrison Avenue
411,Ketty Curedell,49.988725,20.7001411,1160 Stoughton Hill,49.8686994,36.7138937,04 Ridgeview Avenue
412,Ardra Ipsley,-15.8146532,-47.9029793,5759 Heath Hill,29.833396,108.731128,4 Sutteridge Lane
413,Del Swyre,38.58,-121.49,61 Pawling Park,43.4794825,-79.6558242,48339 Mifflin Way
414,Kristel Govinlock,39.7723073,47.6154166,3267 Lindbergh Trail,6.456558,125.5372025,4484 Tony Trail
415,Page Knowlden,45.7790993,4.9307738,5452 Corry Center,56.346821,30.538999,30 Florence Place
416,Duncan Crowd,-6.2904222,106.4945,7601 Carberry Parkway,-27.2313338,-49.652299,59 Dennis Lane
417,Merwin Warfield,-34.5802207,-58.5351929,44 Forest Run Point,-8.1553145,111.8270486,803 Arizona Hill
418,Gannon Mattingley,41.49511,22.38359,090 Aberg Drive,-2.1653279,132.324948,6930 Nelson Hill
419,Gray Geaves,39.4721645,-8.5034561,96 Chinook Road,51.32372,-113.60475,32 South Place
420,Paulina Baselio,-8.9117,117.684,02 Prairie Rose Place,-8.6332229,121.5598345,537 Goodland Junction
421,Morris Gillbee,20.7526658,106.6718702,3430 Talmadge Lane,-18.4001194,47.8699039,031 Meadow Vale Point
422,Sutherlan Summerton,48.3920947,10.8553557,444 Dorton Street,24.546876,107.04219,5533 Ridgeview Junction
423,Agretha Pringuer,46.3141609,15.5784672,81 Kim Way,40.660321,43.8869814,265 Havey Circle
424,Cecil Delouch,53.8237809,27.8686163,22 Hintze Center,8.6102728,152.2399398,96 Mifflin Junction
425,Madison Beckford,13.5027167,144.8016402,6859 Lighthouse Bay Drive,55.5376879,42.0791342,193 Marcy Crossing
426,Aubrey Blanden,39.00366,117.710496,37500 Ronald Regan Junction,57.7316019,12.0703707,612 Westerfield Circle
427,Wilmer Lowndsborough,34.454443,113.050581,6812 Golf Street,-11.9929208,-77.0518169,26251 Forest Pass
428,Conny Hanwell,45.360768,128.219871,559 Old Shore Terrace,-6.806232,110.890105,6 Petterle Parkway
429,Merla Eschalette,8.5213374,124.5736702,682 Surrey Junction,37.9868856,-1.1371011,083 Basil Trail
430,Gonzales Gostall,0.968911,-77.521175,02 Village Trail,-7.0240255,-76.1327924,54399 Artisan Street
431,Wallas Wrinch,9.452849,-75.4391349,78 Weeping Birch Place,-7.4220343,106.7529514,692 Banding Drive
432,Paulette Kopp,-8.2190944,114.3691416,631 Golf Course Crossing,31.83366,35.11894,783 Maple Wood Court
433,Rube Deards,-22.9506902,-42.0366974,87519 Duke Court,34.85028,128.58861,7484 Scoville Street
434,Keenan Campbell-Dunlop,32.19828,119.47016,18513 Main Junction,34.646636,103.48159,7 Golf View Park
435,Jeffrey De Bell,27.716826,112.007114,8781 Morrow Road,25.611704,110.67167,22 Hansons Road
436,Shelia Worts,28.39895,113.02064,89827 Wayridge Street,5.459089,-76.01598,67473 Arapahoe Parkway
437,Teena Hun,30.113962,118.169798,6 Magdeline Parkway,25.5311276,69.0397556,26546 Chive Plaza
438,Bianca Salliere,63.1109993,23.0789691,20113 Warrior Avenue,22.581611,114.205166,65 Talisman Lane
439,Lissie Dawby,33.7684556,-118.2022212,34703 Sommers Pass,38.8053078,-9.2279436,509 Bunting Road
440,Flory Reitenbach,-5.357293,104.7768894,411 Namekagon Lane,39.793846,116.7156302,31332 Hazelcrest Circle
441,Amitie Dilon,35.9704988,139.6477598,04 Nova Hill,-4.1948081,-40.4760325,603 Huxley Way
442,Tamar Ratray,27.3115158,30.9713333,723 Golf View Crossing,39.1762837,-8.8661993,5 Dahle Lane
443,Dion Trainer,-21.7668575,-52.1096427,2 Anzinger Point,50.2477455,-99.8375158,98745 Dryden Junction
444,Shawna Fant,25.757,110.12549,7488 John Wall Trail,22.270978,113.576677,643 Farragut Center
445,Ernst Cowie,-7.8165708,-78.416925,6 Lyons Court,58.7075528,14.1266322,3596 Maple Avenue
446,Al Fishbie,33.398866,120.2625,63115 Cardinal Road,28.39895,113.02064,612 Moose Drive
447,Garland Dehn,32.6717749,-16.978243,57950 Prairie Rose Terrace,51.3666314,6.1313871,3834 4th Road
448,Sofie Fortey,43.8457071,87.5871999,4 Monterey Way,16.8211238,100.2658516,0167 Anderson Way
449,Darrick Thompson,-8.4399,115.3561,1 Mallard Street,32.50847,35.22752,865 Pleasure Lane
450,Barth Lovejoy,35.1000306,33.4215334,4 Jackson Road,-7.0179759,109.8633501,0702 Springs Way
451,Levy Le Brun,-17.6817232,178.8323025,089 Russell Avenue,39.827482,122.099452,5 Heffernan Hill
452,Sella Wilbor,-6.9375866,108.5522531,13 Sunfield Parkway,8.3839026,123.2857418,36319 1st Road
453,Arlan Kochs,1.6135167,-76.8951551,11 Bayside Lane,-6.3865373,107.4010519,8 Nova Parkway
454,Alden Ritchings,4.88917,-75.870743,038 Sycamore Hill,-6.5277643,110.7095788,18204 Linden Street
455,Barrie Djurdjevic,-7.0777326,113.287085,7 Buhler Road,-8.283558,116.354462,1985 Larry Terrace
456,Dru Edwardes,37.535809,121.386029,4666 Merrick Hill,-8.1659,111.8378,96426 Forest Dale Way
457,Lefty Orans,-12.3502374,44.5278242,0 Colorado Circle,-23.3969682,-46.3204265,4401 Eastlawn Terrace
458,Maynord Picton,37.5165459,140.9330205,24 Stuart Pass,59.3544768,18.0283975,11 Westerfield Lane
459,Coleman Gossan,36.9692865,136.7851365,32234 1st Lane,63.2914986,18.7137077,075 Wayridge Trail
460,Kimbell Hryniewicz,42.5387912,26.6831949,8489 Surrey Pass,11.5098328,10.7654581,729 Vermont Lane
461,Quinn Kleen,51.86318,79.470665,3186 Lerdahl Park,18.0622222,-77.3286111,63430 Erie Hill
462,Licha Mullaney,47.221906,-1.605738,732 Jay Parkway,35.88518,115.104389,09727 Kropf Road
463,Lexis Penticoot,47.1426,28.6295416,0 Michigan Drive,48.809598,35.2590854,187 Bluejay Park
464,Mohammed Ivashnikov,13.7610951,101.1926507,869 Crest Line Alley,39.0041504,-77.0391754,8 Melrose Center
465,Nanice Brugman,23.4464152,120.2570421,0 Scoville Alley,13.9740494,-86.5425921,4 Amoth Crossing
466,Townie Gwilym,41.4198927,-8.5917806,927 6th Trail,-0.5107264,-78.5717631,6 Mesta Court
467,Alyss MacDonough,-15.6412156,-70.3494605,70407 Union Plaza,28.753497,105.888827,63 Birchwood Circle
468,Temple Sybry,31.015709,117.205832,4 Golf View Circle,40.657978,109.840313,587 Gale Street
469,Frank Harbertson,43.8484382,26.4498912,6 Melrose Lane,33.7622962,132.7021114,80 Thackeray Crossing
470,Elle Van Salzberger,35.215892,113.241823,78 Coleman Center,-7.740099,-40.2884386,0 American Circle
471,Moshe Paten,28.590337,105.697472,19797 Rusk Lane,43.7883496,4.9548261,879 Roxbury Way
472,Efren Manthorpe,58.5812006,16.1481061,93541 Laurel Alley,13.2944016,-4.8987523,932 Center Pass
473,Saundra Roncelli,8.5703071,150.4189148,2236 Fairview Avenue,54.24052,16.88967,4038 Butternut Park
474,Hersh Gear,42.2214597,43.9644051,28033 Nova Junction,23.6237888,90.4997867,8 Beilfuss Court
475,Tam McGroarty,54.4576128,18.4558297,590 Debs Court,30.940195,118.75868,209 Macpherson Lane
476,Beale Shawdforth,51.6113555,19.8982345,384 Chive Avenue,28.109598,116.527871,34940 Pine View Street
477,Erv Foyle,-10.5792295,-37.745028,51814 Marcy Park,33.111117,112.39179,998 Di Loreto Parkway
478,Sharl Mensler,57.5334964,15.9897014,52988 Gulseth Place,-7.258606,108.4444578,56 John Wall Alley
479,Maxwell McCrann,-23.1330259,-47.048576,81729 Eagle Crest Road,-6.808273,110.846846,98297 Burrows Center
480,Georgette Brownlee,49.9899828,18.6926323,73 Montana Center,34.6870111,-5.4502624,80 Katie Court
481,Desiri Loughman,28.902295,118.155176,6074 Meadow Vale Way,27.0874564,114.9042208,0189 Thierer Avenue
482,Sandie Heffron,38.042805,114.514893,3624 Mayer Lane,39.68,-75.75,6 Maywood Park
483,Rolland Rolin,52.0715558,103.8262447,4482 Londonderry Drive,50.4322664,13.0716999,6145 Westport Place
484,Gardy Keele,29.654838,91.140552,0 Mcbride Pass,13.7946714,5.2527741,5 Mayer Way
485,Linnell Pirouet,22.843818,114.164223,2 Golf View Pass,-24.2530306,-49.7106625,69 Michigan Trail
486,Malchy Moir,30.780217,120.644805,3816 Laurel Way,-7.0808057,108.6264694,47 Delladonna Road
487,Danell Bullough,30.2787798,120.4583412,33 Meadow Valley Avenue,41.0635479,23.958972,8 Hoffman Trail
488,Alfie Duthy,-7.02476,107.08093,2 Kedzie Court,-13.683333,24.8,76 Randy Center
489,Liane McArdell,54.9872681,-3.2575562,44119 Blackbird Trail,40.4304275,50.0347608,71202 Meadow Vale Parkway
490,Menard Gotliffe,37.9377823,-8.3895913,4 Heath Alley,-20.2418916,57.4895998,62 Bunker Hill Crossing
491,Barb Buzek,46.0675028,44.4160763,63385 Upham Point,43.9399539,42.7376717,80259 Monica Hill
492,Leonie Fright,40.1858788,22.002802,30 Northfield Alley,60.1387829,14.3822323,7538 Arapahoe Pass
493,Charlot Fessler,56.7012772,104.2143124,02173 Warbler Road,17.736328,43.7669217,47468 Express Avenue
494,Griffy Tasseler,38.700427,112.117542,6 Trailsway Avenue,41.87507,21.87599,72179 West Street
495,Lemmie Chasmor,31.967678,34.993693,1633 Porter Lane,40.4520266,49.9324113,0258 Hallows Trail
496,Will Leeburn,49.6321945,16.7112603,8 Fair Oaks Point,-27.3482312,-51.6044276,80 Springview Place
497,Huberto Benes,34.341574,108.93977,17 Mariners Cove Road,-7.240959,112.746435,27631 Dryden Pass
498,Yovonnda Crinidge,12.261245,121.990929,32 Namekagon Alley,-31.3950849,-64.2390612,83 Fairfield Terrace
499,Puff Vasilic,54.4915943,60.7871278,797 Stoughton Alley,-6.2863702,106.1051705,3939 Elmside Avenue
500,Dorian Thyer,-22.0028763,27.8428651,227 Shopko Way,14.2964678,44.3756667,2095 School Circle
